id,created_at,text,time_zone,place,coordinates,location,user_name,screen_name,retweet_count,favourite_count
1165408136569573376,2019-08-24 23:38:46,b'@putraseagull Ko kalo diliat liat yah mukanya kaya adi nugroho yg suaminya donita itu loh\xf0\x9f\xa4\xa3\xf0\x9f\xa4\xa3\xf0\x9f\x98\x82 yg iklan imunisasi \xf0\x9f\x98\xad\xf0\x9f\x91\x8c\xf0\x9f\x91\x8c',,,,"b', Indonesia'",b'Teh Gelas',b'hankookie__',0,0
1165407155358298112,2019-08-24 23:34:52,b'Mau Rasa Apa Suntiknya? Rasa Mangga aja Om [ BIAS : Bulan Imunisasi Anak... https://t.co/mL45nBFZvY via @YouTube',,,,b'indonesia',b'agus subroto',b'agussub85476893',0,0
1165405467847192576,2019-08-24 23:28:10,b'Tadi malem aku mimpi di imunisasi.\xf0\x9f\x98\xa9',,,,"b'Bandung, Jawa Barat'",b'Pui \xf0\x9f\x8c\xb8',b'ssbl_13',0,0
1165402644506017792,2019-08-24 23:16:57,b'@aisyahusmann iya isinya emak2 dan anak2 kek mo ngantri imunisasi',,,,b'',b'Refin Bagus Sunarya',b'RefinBS',0,0
1165391018012708864,2019-08-24 22:30:45,"b'@dya_11677 @VIVAcoid Dan lu kurang imunisasi ya,maka nya aga kurang masuk ke otak anda apa yang di omongin sama dia ? Hahahha kasian'",,,,b'',b'Rozisaae',b'rozi_albarqi',0,0
1165375257365999616,2019-08-24 21:28:07,b'Kalau berkemampuan cucuk la segala extra vaccines yang ada.  Next baby nak ambik vaksin rotavirus. Diorg ni akan make a point cucuk vaksin pneumococcal sooon. Ada je penghalang. Plan this weekend. Adam pulak tak sihat.',,,,b'',b'Nina farina',b'ninasepet',0,0
1165366113552584707,2019-08-24 20:51:47,"b'@ServiceGenteng @fendi_wcksn95 @kompascom Eh iya buat prefentif...\n\nUdah baca beritanya? Ada dua kelompok uji, kontrol dan eksperimen.\nYg eksperimen disuntik vaksin, yg kontrol disuntik bukan vaksin plasebo gitu deh.\n\nMau jadi plasebo? \xf0\x9f\x99\x88'",,,,b'',b'Nenek Lampir',b'nenek_jahat',0,0
1165365138536505344,2019-08-24 20:47:55,"b'@fendi_wcksn95 @nenek_jahat @kompascom utk menguji vaksin tsb, bayarannya pasti gede kan. apalah yg bisa saya lakukan saat terlilit cicilan motor, ni nyawa tida ada harganya lagi :)'",,,,b'Yk',b'Dosen Pembimbing 6',b'ServiceGenteng',0,0
1165360690267209728,2019-08-24 20:30:14,"b'@Gusma15285244 @LisaAmartatara3 Kasihan  ....cari  yg sekolam  beginian  di  Kabupaten  Bekasi  mmng, banyak  ,mulai  dr  yg  vaksin palsu,hoax,fitnah byk deh'",,,,b'Jakarta',b'Erna Sitohang',b'Ernaku6',0,0
1165350902665900032,2019-08-24 19:51:21,b'@kompascom @nenek_jahat mau dong volunteer. vaksin ga harus sakit dulu kan ya?',,,,b'Yk',b'Dosen Pembimbing 6',b'ServiceGenteng',0,0
1165345530983124992,2019-08-24 19:30:00,b'Sebuah vaksin HIV akan segera memasuki uji klinis fase akhir yang melibatkan ribuan orang di delapan negara. Vaksin HIV ini menarget lebih banyak strain HIV dari vaksin-vaksin sebelumnya dan diduga bisa efektif lebih lama | #Sains \n https://t.co/mmZagzA8Lb',,,,b'Indonesia',b'Kompas.com',b'kompascom',23,37
1165334958077923328,2019-08-24 18:47:59,"b'@ustadtengkuzul saking kepengen dapet PIN jd gini..\nmaklum aja, jamannya dulu gak ada PIN..Pekan Imunisasi Nasional..'",,,,b'Bumi',b'Om Kodok',b'SangChoDockZ',0,0
1165332342073745408,2019-08-24 18:37:35,"b'Liverpool menang &amp; mucuk, Ezar aman imunisasi, upgrade brumbrum, mau tanggal gajian hehe https://t.co/ZLdL4AQ60P'",,,,b'Bandung',b'Agung Dwi L G S',b'agungdlgs',1,0
1165330238840233984,2019-08-24 18:29:14,b'Vaksin HPV Dapat Cegah Kanker Secara Luas \xe2\x80\x93 Republika\xc2\xa0Online https://t.co/bUTIwLGxb6 https://t.co/9VvWz14R42',,,,b'',b'Masasih.id',b'masasih_id',0,0
1165328245924880385,2019-08-24 18:21:19,"b'@animalfess Tergantung, vaksin pertama? 150k disini'",,,,"b'Jakarta, Indonesia'",b'Ndar',b'biyandari',0,0
1165326961662513152,2019-08-24 18:16:13,"b'@animalfess beda2, tergantung mau vaksin apa dulu'",,,,b'',b'yours\xe2\x9c\xa8',b'silentkilerrr',0,0
1165326773690585088,2019-08-24 18:15:28,b'Anf! Vaksin itu kira\xc2\xb2 biaya nya berapa ya?\n\nMakasih yang udah jawab\xf0\x9f\x99\x8f\xe2\x99\xa5\xef\xb8\x8f\xe2\x99\xa5\xef\xb8\x8f',,,,b'Report/PP/CP \xf0\x9f\x91\x89\xf0\x9f\x8f\xbb',b'ANF!',b'animalfess',0,0
1165316763124322304,2019-08-24 17:35:41,"b'Same energy as \xe2\x80\x9cnabi pun dulu tak vaksin, kita ikut je cara hidup dan pemakanan nabi mesti hidup okay punya lah\xe2\x80\x9d https://t.co/nUaJGSUwU5'",,,,b'',b'\xf0\x9f\x8d\x92',b'jazieeey',0,0
1165315439871741952,2019-08-24 17:30:26,b'Pentingnya imunisasi sejak dini.  https://t.co/xbBFGBI3QJ',,,,b'Indonesia',b'E K A',b'ekaindraa',0,0
1165314034205245440,2019-08-24 17:24:50,b'Kalau dia selit lain lain multivitamin dan selenium sekali pun tak mampu kebah virus tersebut.Melainkan sihat mungkin dapat memelihara diri dari lemah imunisasi.',,,,b'Malaysia',b'\xf0\x9f\x90\xa3',b'SejenisBintang',0,0
1165313795289280512,2019-08-24 17:23:53,"b'Baby Oh Baby,,, Vaksin Happy bersama Dokter Happy \xf0\x9f\x98\x8a\xf0\x9f\x98\x8a\xf0\x9f\x98\x8a https://t.co/q7RB8CocKH via @YouTube'",,,,"b'\xc3\x9cT: 11.702953,79.319216'",b'Panji Puntadewa',b'panjipuntadewa',0,0
1165311865712308225,2019-08-24 17:16:13,b'@prlynsygfny Ayamnya belum di imunisasi mungkin kaaa',,,,b'Rajagaluh',b'noey',b'nuydnuy',0,0
1165307212895440896,2019-08-24 16:57:44,"b'Kalau hamil di antara jadwal imunisasi, boleh ditunda sampai bayi lahir. Setelah lahir langsung suntik lagi.'",,,,"b'Purworejo, Indonesia'",b'Tri Retnaningsih',b'rethnaningsih',0,0
1165306747373768704,2019-08-24 16:55:53,"b'Kalau ada rezeki, imunisasi Cervarix/Gardasil ya Eceu-eceu.\nKalau udah pernah berhubungan badan ya papsmear dulu. Kalau belum mah langsung suntik aja.'",,,,"b'Purworejo, Indonesia'",b'Tri Retnaningsih',b'rethnaningsih',0,0
1165306322541109249,2019-08-24 16:54:12,b'@shenacinnamon Mending dia aja disuntik vaksin biar ga kena flu babi',,,,b'',b'Gonggo Hanityoso Swelo Giri A',b'gonggohanityoso',0,0
1165305543390453760,2019-08-24 16:51:06,b'Lepastu cakap orang yang vaksin anak ni actually taktahu pun ape yang diorang ambik n bagi kepada anak. https://t.co/nQsHjqPvJN',,,,b'',b'azniraabubakar',b'azniraabubakar',0,0
1165304712767238145,2019-08-24 16:47:48,"b'Bila tnya kenapa dtg hospital bila sakit? Jawab tak menolak ubatan.\nBila tanya kenapa jd antivacc, jawabnya benda boleh memilih. Kenapa tak.\nPastu nak suruh org faham bahawasanya dia tu bukan antivac tp hanya menolak vaksin. Eh berbelit kan tu. \xf0\x9f\x98\x82'",,,,b'',b'azniraabubakar',b'azniraabubakar',0,0
1165303970018942978,2019-08-24 16:44:51,b'[SSNI-546]   ARINA HASHIMOTO   https://t.co/MEKb0QBQXN\n\nhttps://t.co/xWw7zZgMOP',,,,b'Japan',b'Senpai Kokuraku',b'senpaikokuraku',1,3
1165300416516509698,2019-08-24 16:30:44,b'@aishakinaaa Kina sapi apa udah vaksin blom? :(',,,,b'Lagrange 3',b'triawan',b'TrwnHrdn',0,0
1165295895841165312,2019-08-24 16:12:46,b'Udah mewanti-wanti vaksin ini itu apalagi tifoid itu wajib jib jib cuy',,,,"b""greek god's lap""",b'\xca\x8f\xe1\xb4\x8f\xe1\xb4\x9c\xca\x80 \xca\x9f\xc9\xaa\xe1\xb4\x9b\xe1\xb4\x9b\xca\x9f\xe1\xb4\x87 \xe1\xb4\xa0\xc9\xaax\xe1\xb4\x87\xc9\xb4',b'NK_ultra_',0,0
1165295858356588544,2019-08-24 16:12:37,"b'@ddeoulgie Jangan cium-cium aku, aku belum suntik vaksin takut ketuleran rabies kamu.'",,,,b'cloud\xc4\x93ons',b'Lala.',b'Iaurentsia',0,0
1165293737125105664,2019-08-24 16:04:11,b'@yenachoiyh_ @nkmtyut95 @RPAutoBase Tuh kan bener wkwkwk suruh imunisasi dl yen dia',,,,"b'Gangnam-gu, Republic of Korea'",b'[H] Jeffrey',b'nctjngjaeh',0,0
1165293046159691776,2019-08-24 16:01:26,"b'@kaskus Vaksin aja kontroversi belum selesai , padahal sudah selamatkan banyak nyawa , apalagi ini'",,,,"b'Jakarta Capital Region, Indone'","b'still at the earth, plan jurney to seven haven'",b'nug_nugi',0,0
1165290887615631361,2019-08-24 15:52:52,b'@_wannsyafiqah @waniahadid Ye betul. Aku tak faham mcm mana dorang boleh berfikir vaksin tu agenda yahudi nak matikan manusia? I mean..... mak nenek kita hidup lama je?',,,,"b'Masscomm, UiTM'",b'fyda',b'fdarzmi',0,1
1165285291843653632,2019-08-24 15:30:38,b'Perasaan udah imunisasi sih tapi ga heran juga orang apaan udah imunisasi tb juga tetep kena tbc \xf0\x9f\x99\x84',,,,b'(c)ocot (a)ccount / back-up',b'\xe5\xae\x99',b'AEON_',0,0
1165283409930833920,2019-08-24 15:23:09,"b'@santuuuuuuy Engga ah, duitnya buat imunisasi anak aja:('",,,,b'',b'Gustina Pujiutami',b'gustinapuji26',0,0
1165281249545486338,2019-08-24 15:14:34,"b'Setiap bayar vaksin Kala ibu berusaha nyenengin diri dengan mikir ""drpd keluar uang buat bayar ranap, mending uang buat sehat"" \xf0\x9f\x98\x82\xf0\x9f\x92\xaa'",,,,"b'depok, INA'",b'ELSA',b'elsaasmarani',0,0
1165278201800581122,2019-08-24 15:02:27,b'Anti vaksin ni ternyata bodo yang jarang berlaku didunia. Bodo bengap amat',,,,"b'Makassar, Indonesia'",b'Lala rahmawati',b'Lalarahmawati13',0,0
1165277675901992963,2019-08-24 15:00:22,b'Ngeluarin duit buat vaksin sampe 280rb an ga pake ribet langsung oke.\nNgeluarin duit buat diri sendiri cuma 50rb an mikir mikir mikir sampe lupa apa yang mau dibeli.\nSayang bgt akutu sama kamu juga maxy https://t.co/T2Is5mNNwe',,,,b'',b'Yola',b'Yolsss2',0,0
1165276690613825537,2019-08-24 14:56:27,b'@rullyjoo27 @hadmosaksono @su7loo @attar_ISA @Kars104 @JawiDwipa @Jelantik5 @Tikayulie @daunsirih5 @pasektohpati @SeruniPuspaAlam Betul mas karena itu saya sangat konsen di dunia nyata dan medsos untuk memberi kan vaksin budaya ke mereka yg sudah terpapar budaya gurun.',,,,"b'Kota Batu, Malang Jawa Timur '",b'\xea\xa6\xa4\xea\xa6\xb6\xea\xa6\xa0',b'nithasist',1,3
1165275972100227072,2019-08-24 14:53:36,b'@akmysf Aku yakin yg backup pedo tu mmg tak tahu pedo tu apa. Mcm anti vaksin kata dulu kecik x vaksin pon padahal kat tgn kemain beso tanda BCG.',,,,"b'Muar, Malaysia'",b'Lenggang Enggang',b'chazajamaludin',0,1
1165271923221155840,2019-08-24 14:37:30,b'Bau masam walaupun dh 3 kali tukar baju.. humaira muntah seharian semalalm.. tgh bayar dekat cashier pun boleh muntah atas baju mommy.. xkan effect lepas vaksin kot \xf0\x9f\xa4\xa3',,,,b'',b'siti aisyah',b'starscreamaisya',0,0
1165271603648724992,2019-08-24 14:36:14,"b'@askmenfess sama, aku juga dibilangin gitu mulu, tp bodo amat lah, orang kucing kita rawat bener2, vaksin grooming segala macem'",,,,b'',b'Ink',b'Inkaans',0,0
1165270187861405696,2019-08-24 14:30:37,"b'@indahprra iyaa jugaa :( adakah vaksin bucin untuk aku :""'",,,,b'BDG-YK',b'Jas\xe2\x80\xa2mine',b'kasulicious',0,0
1165269404000481282,2019-08-24 14:27:30,"b'@radenano @BiLLRaY2019 @LisaAmartatara3 Dan jangan lupa diberi vaksin kejujuran dan anti fitnah dulu,  biar gak kesandung lagi,,, \xf0\x9f\x98\x81\xf0\x9f\x98\x81\xf0\x9f\x98\x81'",,,,b'',"b'Banks,,,'",b'Genesis7173',0,1
1165268186058510336,2019-08-24 14:22:39,b'Anak abis vaksin? Jelas nempel tetek 24jam \xf0\x9f\x91\xbb\xf0\x9f\x91\xbb\xf0\x9f\x91\xbb',,"Place(_api=<tweepy.api.API object at 0x000001CDBF81CF60>, id='32b242657c638eb5', url='https://api.twitter.com/1.1/geo/id/32b242657c638eb5.json', place_type='city', name='Gamping', full_name='Gamping, Indonesia', country_code='ID', country='Indonesia', contained_within=[], bounding_box=BoundingBox(_api=<tweepy.api.API object at 0x000001CDBF81CF60>, type='Polygon', coordinates=[[[110.280571, -7.833993], [110.355057, -7.833993], [110.355057, -7.734515], [110.280571, -7.734515]]]), attributes={})",,b'',b'nadia',b'nadiaaocta',0,0
1165267472896819200,2019-08-24 14:19:49,"b'Ku kira semua orang di sekelilingku yang toxic, ternyata aku nya saja yg belum di vaksin. Dasar kalian...'",,,,"b""Your Picture I've Been Taken""",b'maafkan aku',b'armadardip',0,0
1165266563890499585,2019-08-24 14:16:13,b'Gak ngerti kenapa setiap dedek imunisasi ibunya keringet dingin+gugu bgt\xf0\x9f\xa4\x94',,,,b'Pekanbaru',b'S I W I',b'siwiisugiyartii',0,0
1165263267675066371,2019-08-24 14:03:07,b'Sedih liat anak bayik lemes abis vaksin.\nIngin kupeluk selamanya.',,,,b'The western sky',b'Ines Aryono',b'ines_aryono',0,0
1165262123737309184,2019-08-24 13:58:34,b'Vaksin HPV Dapat Cegah Kanker Secara Luas https://t.co/5CqC2c2trN https://t.co/I8MzAWaAWz',,,,b'',b'Juru Rawat',b'pembantudokter',0,0
1165259423696080897,2019-08-24 13:47:50,b'Day 4. W abis vaksin itu sung balik ke bks. Dan berhubung lg libur jd w tidur bablas kan. Baru bangun jam 8an dan baru cek hp jam 9an. Dan pas cek hp langsung dijejelin foto ginian \xe2\xac\x87 https://t.co/bJIR07HwdL',,"Place(_api=<tweepy.api.API object at 0x000001CDBF81CF60>, id='3e894af61737bff0', url='https://api.twitter.com/1.1/geo/id/3e894af61737bff0.json', place_type='city', name='Cibitung', full_name='Cibitung, Indonesia', country_code='ID', country='Indonesia', contained_within=[], bounding_box=BoundingBox(_api=<tweepy.api.API object at 0x000001CDBF81CF60>, type='Polygon', coordinates=[[[107.065372, -6.320571], [107.162204, -6.320571], [107.162204, -6.164234], [107.065372, -6.164234]]]), attributes={})",,b'Indonesia',b'Joule',b'Zulftrard',2,2
1165258237458780160,2019-08-24 13:43:07,b'Selesai di vaksin pokoknya ayam2nya tuh pd lemes semua gitu dan bahkan ada yg langsung tidur. Karna khawatir ada yg belom minum vitachicknya kt akhirnya paksa deh satu2 buat minum \xf0\x9f\x98\x82',,"Place(_api=<tweepy.api.API object at 0x000001CDBF81CF60>, id='3e894af61737bff0', url='https://api.twitter.com/1.1/geo/id/3e894af61737bff0.json', place_type='city', name='Cibitung', full_name='Cibitung, Indonesia', country_code='ID', country='Indonesia', contained_within=[], bounding_box=BoundingBox(_api=<tweepy.api.API object at 0x000001CDBF81CF60>, type='Polygon', coordinates=[[[107.065372, -6.320571], [107.162204, -6.320571], [107.162204, -6.164234], [107.065372, -6.164234]]]), attributes={})",,b'Indonesia',b'Joule',b'Zulftrard',0,0
1165257683185754112,2019-08-24 13:40:55,"b'Bingung, padahal dulu udah imunisasi campak.\n\nTapi kok skrg masih sering di CAMPAK kan :('",,,,"b'Kota Jambi, Jambi'",b'dind',b'dndaanggraini',0,0
1165256846321442825,2019-08-24 13:37:36,"b'Kelompok w memilih untuk bekerja sama, jd ada yg pegang ayam sm ada yg tetesin vaksinnya soalnya anak2 kt bener2 aktif dan riweh kalo harus tanganin sendiri hehehe. Abis dikasih vaksin mereka dikasih vitachick, karna abis kena vaksin mereka kyk pada lemes gitu jd butuh vitamin https://t.co/ZJmZTV8roF'",,,,b'Indonesia',b'Joule',b'Zulftrard',0,0
1165255534326366211,2019-08-24 13:32:23,"b'Abis piket, masuk kelas sc trs langsung balik lg ke kandang buat vaksin.Abis dijelasin dan dicontohin kt langsung vaksin ayam2nya sendiri, dan pas itu w  bener2 kyk ngerasa riweh sendiri gitu dongg wkwk.Jd Vaksinnya itu ditetesin di salah satu matanya ato boleh lewat mulut/idung https://t.co/WobDqrFetj'",,"Place(_api=<tweepy.api.API object at 0x000001CDBF81CF60>, id='3e894af61737bff0', url='https://api.twitter.com/1.1/geo/id/3e894af61737bff0.json', place_type='city', name='Cibitung', full_name='Cibitung, Indonesia', country_code='ID', country='Indonesia', contained_within=[], bounding_box=BoundingBox(_api=<tweepy.api.API object at 0x000001CDBF81CF60>, type='Polygon', coordinates=[[[107.065372, -6.320571], [107.162204, -6.320571], [107.162204, -6.164234], [107.065372, -6.164234]]]), attributes={})",,b'Indonesia',b'Joule',b'Zulftrard',0,2
1165250850886836225,2019-08-24 13:13:46,"b'Daaan alhamdulillah bella ternyata punya lampu cadangan tp kecil.  Yaudhlah dipasang lampunya, dan kt nunggu kk asprak kt dateng buat vaksin. Eeh tau2 dapet info kl vaksinasinya diubah jd nanti jam 8 trs diubah lg jd jam 16.30'",,"Place(_api=<tweepy.api.API object at 0x000001CDBF81CF60>, id='3e894af61737bff0', url='https://api.twitter.com/1.1/geo/id/3e894af61737bff0.json', place_type='city', name='Cibitung', full_name='Cibitung, Indonesia', country_code='ID', country='Indonesia', contained_within=[], bounding_box=BoundingBox(_api=<tweepy.api.API object at 0x000001CDBF81CF60>, type='Polygon', coordinates=[[[107.065372, -6.320571], [107.162204, -6.320571], [107.162204, -6.164234], [107.065372, -6.164234]]]), attributes={})",,b'Indonesia',b'Joule',b'Zulftrard',0,0
1165247452410105857,2019-08-24 13:00:16,"b'Daaan alhamdulillah bella ternyata punya lampu cadangan tp kecil.  Yaudhlah dipasang lampunya, dan kt nunggu kk asprak kt dateng buat vaksin. Eeh tau2 dapet info kl vaksinasinya diubah jd nanti jam 8 trs diubah lg jd jam 16.30'",,"Place(_api=<tweepy.api.API object at 0x000001CDBF81CF60>, id='3e894af61737bff0', url='https://api.twitter.com/1.1/geo/id/3e894af61737bff0.json', place_type='city', name='Cibitung', full_name='Cibitung, Indonesia', country_code='ID', country='Indonesia', contained_within=[], bounding_box=BoundingBox(_api=<tweepy.api.API object at 0x000001CDBF81CF60>, type='Polygon', coordinates=[[[107.065372, -6.320571], [107.162204, -6.320571], [107.162204, -6.164234], [107.065372, -6.164234]]]), attributes={})",,b'Indonesia',b'Joule',b'Zulftrard',0,0
1165243382513332224,2019-08-24 12:44:06,"b'@ccutegerl Ayok, kemana ? Beli martabak, kebab ? Apa imunisasi bayi hamster ?'",,,,b'',b'rantaro',b'paklayrebus',0,0
1165236263475019776,2019-08-24 12:15:48,b'Intinya gegara gue melek masalah penyakit makanya gue vaksin. Udah gitu aja',,,,"b'Ambon, Maluku '",b'Rurry Aulia Zoelfie',b'cuwieisrurry',0,0
1165235864005271553,2019-08-24 12:14:13,"b'@jo0chan Kamunya yg harus vaksin krn udah kegigit takutnya ada virus/bakteri di kucing itu.. Klo liat thread mu Si koceng dlm kondisi mengancam jd gigit kamu deh..  Biasanya klo kucing yg rabies itu keliatan lemah, nafsu mkn ngak ada, trus mulutnya bebusa, ama mudah marah gt..'",,,,b'Woollimhearts',b'Golden Child',b'Im_Goldenness',0,0
1165235417664245760,2019-08-24 12:12:27,"b'Secara ya setau gue vaksin HPV tuh dari umur 5-55th cmiw, intinya yg aktif secara seksual. Krn gue udah nikah, makanya gue vaksin'",,,,"b'Ambon, Maluku '",b'Rurry Aulia Zoelfie',b'cuwieisrurry',0,0
1165234921582891008,2019-08-24 12:10:28,"b'Jadi si petugas puskesmas ngotot kalo vaksin HPV tuh cocoknya buat yg blm nikah, mana nyalah2in gue ga liat presentasi dia'",,,,"b'Ambon, Maluku '",b'Rurry Aulia Zoelfie',b'cuwieisrurry',0,0
1165234837898153984,2019-08-24 12:10:09,b'Day 3. Jadwalnya vaksinasi. Trs janjian di kandang sebelum jam 7. Knp sblm jam 7? Soalnya menghindari cahaya matahari. Jd virus dlm vaksinnya itu ga kuat sm cahaya matahari ceunah. Yaudhlah jam 5 udh mandi trs caw ke kandang boti sama icha sama riris wkwkwk.',,"Place(_api=<tweepy.api.API object at 0x000001CDBF81CF60>, id='3e894af61737bff0', url='https://api.twitter.com/1.1/geo/id/3e894af61737bff0.json', place_type='city', name='Cibitung', full_name='Cibitung, Indonesia', country_code='ID', country='Indonesia', contained_within=[], bounding_box=BoundingBox(_api=<tweepy.api.API object at 0x000001CDBF81CF60>, type='Polygon', coordinates=[[[107.065372, -6.320571], [107.162204, -6.320571], [107.162204, -6.164234], [107.065372, -6.164234]]]), attributes={})",,b'Indonesia',b'Joule',b'Zulftrard',0,0
1165234738442854400,2019-08-24 12:09:45,"b'Jadi selesai cek tensi, ku ditawarin cek IVA yg ga tau sila googling yes. Nah ku gamau, ku bilang aku udah vaksin HPV'",,,,"b'Ambon, Maluku '",b'Rurry Aulia Zoelfie',b'cuwieisrurry',0,0
1165233660636721153,2019-08-24 12:05:28,b'@jo0chan Asalkan kamu gak meriang atau demam tinggi? Sebenernya klo udah di gigit gitu harus vaksin sih..',,,,b'Woollimhearts',b'Golden Child',b'Im_Goldenness',0,0
1165232079702908928,2019-08-24 11:59:11,b'Vaksinasi berguna untuk menjaga kesehatan kucing dan menghindari dari berbagai penyakit.',,,,b'Diataskepalamu^^',b'Info Kucing',b'InfoMeong',0,0
1165230885995606016,2019-08-24 11:54:26,"b'Sepertinya saya harus imunisasi campak, \nAgar tidak sering di Campak-an..'",,,,b'',b'may',b'Abdullahmay4',0,1
1165222034554548226,2019-08-24 11:19:16,b'@claustrophobixx wkwk udh vaksin belom kamutuu',,,,b'mars',b'gtfouttahere',b'bballboy_',0,0
1165220851098087424,2019-08-24 11:14:34,"b'@bernardls Iya, kemarin mau vaksin eh pilek. Baru obat cacing aja jadinya'",,,,b'On Jakarta and sometimes Tokyo',b'Cannot hide the key',b'KenHideki',0,0
1165220075030269952,2019-08-24 11:11:29,b'@KenHideki Haha iya baru boleh mandi setelah 4 bulan dan vaksin pertama',,,,b'Jakarta Capital Region',b'BANGBERNARD',b'bernardls',0,0
1165217717109940229,2019-08-24 11:02:07,"b'Dan kalo ternyata imunisasi di bidan efeknya segitunya, pasti balik lagi ke hermina haha. Walopun lumayan di atas sejuta tiap vaksin tiap bulan pula, tp kalo sama sekali ngga ada efek demam dll yaa worth it \xf0\x9f\x98\x82'",,,,b'Pemalang - Kudus - Jakarta',b'Ilmaaaa \xf0\x9f\x8c\xb8',b'ilmazidnaWTC',0,0
1165217386456174593,2019-08-24 11:00:48,"b'Jadi kemaren abis vaksin alias imunisasi di rs Hermina. Lumayan lah harganya, tapi abis itu sama sekali ngga demam ngga rewel dan ngga ada efek apapun. Dan bulan depan mau coba imunisasi di bidan, yang hampir pasti bakal demam. Deg-degannya dari sekarang wkwk.'",,,,b'Pemalang - Kudus - Jakarta',b'Ilmaaaa \xf0\x9f\x8c\xb8',b'ilmazidnaWTC',0,0
1165216381366755328,2019-08-24 10:56:48,b'@claustrophobixx tp udah vaksin kok wkwk',,,,b'mars',b'gtfouttahere',b'bballboy_',0,0
1165213654381252608,2019-08-24 10:45:58,"b'\xf0\x9f\x91\xa8\xe2\x80\x8d\xe2\x9a\x95\xf0\x9f\x8f\xa1\xf0\x9f\x90\xb1\xf0\x9f\x92\x89\xf0\x9f\x90\xb6\n.\nHalo om tante sobat Erlangga... .\n.\nYok Jangan lupa utk tidak memvaksin ya , , \nkarna klo ga di vaksin , anabulmu ga kebal, mudah kena virus, bs sakit , lemas, Dan fatalnya cepat sekali kematian karna\xe2\x80\xa6 https://t.co/MZWHKZU8MJ'",,"Place(_api=<tweepy.api.API object at 0x000001CDBF81CF60>, id='a7842058dd0a9d09', url='https://api.twitter.com/1.1/geo/id/a7842058dd0a9d09.json', place_type='city', name='Taman', full_name='Taman, Indonesia', country_code='ID', country='Indonesia', contained_within=[], bounding_box=BoundingBox(_api=<tweepy.api.API object at 0x000001CDBF81CF60>, type='Polygon', coordinates=[[[112.623181, -7.399808], [112.718905, -7.399808], [112.718905, -7.343448], [112.623181, -7.343448]]]), attributes={})","{'type': 'Point', 'coordinates': [112.70135, -7.3782153]}",b'Surabaya',b'Drh.Erlangga Petshop & Petcare',b'DrhErlanggaPets',0,0
1165211733494943745,2019-08-24 10:38:20,"b'@bbbbulan aku dulu beli persia umur 3bulan dan udh di vaksin, 1 jutaan, gatau kalo sekarang \xf0\x9f\x98\x82'",,,,b'Kota Tauco',b'Ishmahahaha',b'Ismhatun',0,0
1165210847406198784,2019-08-24 10:34:49,"b'\xf0\x9f\x91\xa8\xe2\x80\x8d\xe2\x9a\x95\xf0\x9f\x8f\xa1\xf0\x9f\x90\xb1\xf0\x9f\x92\x89\xf0\x9f\x90\xb6\n.\nHalo om tante sobat Erlangga... .\n.\n.\nYok Jangan lupa utk tidak memvaksin ya , , \nkarna klo ga di vaksin , anabulmu ga kebal, mudah kena virus, bs sakit , lemas, Dan fatalnya cepat sekali kematian karna\xe2\x80\xa6 https://t.co/KxhnHt4EDI'",,"Place(_api=<tweepy.api.API object at 0x000001CDBF81CF60>, id='a7842058dd0a9d09', url='https://api.twitter.com/1.1/geo/id/a7842058dd0a9d09.json', place_type='city', name='Taman', full_name='Taman, Indonesia', country_code='ID', country='Indonesia', contained_within=[], bounding_box=BoundingBox(_api=<tweepy.api.API object at 0x000001CDBF81CF60>, type='Polygon', coordinates=[[[112.623181, -7.399808], [112.718905, -7.399808], [112.718905, -7.343448], [112.623181, -7.343448]]]), attributes={})","{'type': 'Point', 'coordinates': [112.70135, -7.3782153]}",b'Surabaya',b'Drh.Erlangga Petshop & Petcare',b'DrhErlanggaPets',0,0
1165210591947980800,2019-08-24 10:33:48,b'ak aja takot liat jarum suntik imunisasi ditangan. apalg di bibir:(',,,,b'outside the earth',b'gres',b'bukantjimol',0,0
1165210295695859712,2019-08-24 10:32:37,b'@nourulaien Hahahaha adakah sis tak kisah dia anti vaksin? Alaa taktahu laaa wak. Haha nak tahun depan! Gatal takkkk? Hahahahhahaa',,,,"b""K's \xe2\x9c\xa8""",b'\xf0\x9f\x90\xbb',b'FzzlnYsf',0,1
1165208184144809984,2019-08-24 10:24:14,"b'Punya teman sering sedih pengen curhat\nSelalu aja nyari ane\nKalau ane sebaliknya dikacangin kleaan \n\nEmang sini vaksin \nYg jadi kekebalan, mencegah, mengurangi\nTerhadap suatu penyakit.'",,,,b'',b'Anggege',b'Anggege1',0,3
1165207628798033920,2019-08-24 10:22:01,"b'Studi: Vaksin HPV Bisa Cegah Kanker Secara Luas: Di antara kanker yang disebabkan oleh grup virus tersebut adalah kanker anus, penis, orofaring, serta serviks, vulva, dan vagina. Meski CDC\xc2\xa0... &gt; Viral News &lt;'",,,,b'',b'Arina Sawitri Cari Film Semi Vina Garut Udah OM',b'ArinaSawitri',0,0
1165207488351756288,2019-08-24 10:21:28,b'@kxnjrm @RPAutoBase @prkjimin_95x @prk_jimiin @Renzoff4 Gua udh vaksin tenang ar ler',,,,b'soft dom',b'Jonas \xe1\xb4\x98s\xe1\xb6\x9c RAW',b'geonjungkok',0,0
1165207307480784896,2019-08-24 10:20:45,b'@nourulaien Hahaha eleh calon sis mesti okay punyaaa kan? \xf0\x9f\x98\x9d dont worry laaa! Haha btw boleh tanya soklan femes twitter dia anti vaksin ke or tak haha',,,,"b""K's \xe2\x9c\xa8""",b'\xf0\x9f\x90\xbb',b'FzzlnYsf',0,0
1165203151193964545,2019-08-24 10:04:14,b'Sebelum kahwin kenalpasti kalau bakal suami/isteri anti vaksin &amp; pedo/rapist apologist atau tak. Good luck! Im definitely asking for socmed acc bf Cyra nanti.',,,,b'',b'hannaliyana',b'hannayusli',0,0
1165202435352084481,2019-08-24 10:01:23,"b'@lilie_71 Haha.. sama mak \xf0\x9f\x98\x82 apalagi klo bawa tikus, beuh aku jejeritan.. udah tiap 3 bulan di vaksin, dia sembarang nangkep2 binatang kotor \xf0\x9f\x98\x91 kan kzl'",,,,b'behind you',b'Adelya Argentiana',b'ArgentianaA',0,1
1165201676728299520,2019-08-24 09:58:22,b'Kok negara barat malah banyak yang ga di vaksin? Jadi yang anti-vax sebenarnya siapa? https://t.co/pbdn5XQ3ch',,,,b'Jakarta - Bogor ',b'Angga putra fidrian',b'AnggaPutraF',2,1
1165199479689007105,2019-08-24 09:49:38,b'Td pas vaksin di Hermina karena saking suwene jd njajan lah di kantin trus nemu dimsum wenak \xf0\x9f\x98\x82 jd keinget dulu ke Siloam Karawaci jajannya bacang. Hm.',,"Place(_api=<tweepy.api.API object at 0x000001CDBF81CF60>, id='cafd80fb11c32cbb', url='https://api.twitter.com/1.1/geo/id/cafd80fb11c32cbb.json', place_type='city', name='Junrejo', full_name='Junrejo, Indonesia', country_code='ID', country='Indonesia', contained_within=[], bounding_box=BoundingBox(_api=<tweepy.api.API object at 0x000001CDBF81CF60>, type='Polygon', coordinates=[[[112.518827, -7.928343], [112.590537, -7.928343], [112.590537, -7.876123], [112.518827, -7.876123]]]), attributes={})",,"b'Malang,Indonesia'",b'\xf0\x9f\x98\x8c',b'anandinakana',0,0
1165195957451055105,2019-08-24 09:35:39,b'Kes \xe2\x80\x98Measles\xe2\x80\x99 Pertama Di Costa Rica Selepas 5 Tahun Akibat Pelancong Yang Tidak Mengambil Vaksin https://t.co/oumzLxTRh5 https://t.co/TFzJhDQVFP',,,,"b'SS15, Subang Jaya'",b'LEJEN',b'LejenPress',1,1
1165191316088619014,2019-08-24 09:17:12,"b'@JISOOYRs Nah mau lu kira baik bangeeeet kek atau jahat banget, bisa aja yang sebenernya kebalik? Cuman kan kita taunya ga dari awal, jadi kita ga bisa di imunisasi buat pencegahan buat orang begitu.'",,,,b'\xe2\x99\x82 ( 20 / 25 )   \xe2\x99\x80 ( 25 / 25 )',b'\xf0\x9f\xa4\x99',b'TOOCOOLTOBEMAMA',0,0
1165184783019696131,2019-08-24 08:51:15,b'Kalau budak tak vaksin lepastu bersin kat makanan dia apa jadi eh?',,,,b'',b'Danny',b'just_irf',0,0
1165184488596328448,2019-08-24 08:50:04,b'Studi: Vaksin HPV Bisa Cegah Kanker Secara Luas https://t.co/VUxuNnB293 https://t.co/oucI7v2jZt',,,,"b'Kota Bandung, Jawa Barat'",b'Ayo Bandung',b'ayobandungcom',0,0
1165183240589570048,2019-08-24 08:45:07,b'@hanlevator @catdelush imunisasi',,,,b'',b'\xf0\x9f\x98\xbc',b'nonanapropana',0,0
1165180021981376512,2019-08-24 08:32:19,"b'Banyak orang yang berpikir kalau imunisasi hanya diperuntukan bagi bayi dan anak-anak. Padahal, orang dewasa pun nyatanya masih perlu mendapatkan imunisasi secara berkala untuk mencegah beberapa jenis penyakit menular, seperti Hepatitis B, TBC (tuberkulosis), Poliom, Difteri, dsb https://t.co/CMAqDm1JBP'",,,,b'',b'docLink Indonesia',b'docLink_Indo',0,0
1165176400887681024,2019-08-24 08:17:56,b'@ikazainool Odo tu sbb kurap teruk sgt tak baik2. Bubu gi vaksin',,,,b'Blue World-Malaysia',b'nana',b'syazanafakhira',0,0
1165175814406590464,2019-08-24 08:15:36,b'@shahiddur that is why.. kena amik.. ianya vaksin anti marijuana \xf0\x9f\xa4\xaa',,,,"b'Selangor, Malaysia'",b'Raishah Razali',b'RaishahRazali',0,1
1165174515820679173,2019-08-24 08:10:27,"b'Yang demam habis imunisasi tetap on ya, dek. Sehat terus sayangnya bia baba \xf0\x9f\xa5\xb0\xf0\x9f\x98\x98\xf0\x9f\x91\xaa\xf0\x9f\xa4\x97 @ferry_onald https://t.co/2uKNOCkiN6'",,,,"b'\xc3\x9cT: -6.947039,107.589119'",b'Raden Weni Williani',b'radenweni91',0,0
1165174408928907264,2019-08-24 08:10:01,b'Vaksin HPV diberikan pada usia 11 atau 12 tahun. https://t.co/StTxEchVuS',,,,"b'Jakarta, Indonesia'",b'Republika.co.id',b'republikaonline',0,5
1165174075960041473,2019-08-24 08:08:42,"b'~AVAILABLE :\nmale\n\xe2\x9d\xa4\xef\xb8\x8f\xe2\x9d\xa4\xef\xb8\x8f\xe2\x9d\xa4\xef\xb8\x8f Stambum + vaksin\nLokasi : Badung, Bali\nContact : 081246760023 TLP/Wa\nTrims...\n#pugsofinstagrams #pugloversclub\n#pugpuppies #pugbali #pugbalilover #dewatapugcommunity #anjingdijualdibali\xe2\x80\xa6 https://t.co/5VJxlQzT3l'",,,,"b'Mengwi,badung,bali'",b'IWynSuranadiMuliana',b'mul_nick',0,0
1165172715331809288,2019-08-24 08:03:17,"b'@anandinakana oh gitu, iyaa kalau vaksin luar emang mahal kan, yaudah kalau emang gitu,\nsebenere DPT (difteri) tuh paling penting skeg lagi kejadian luar biasa'",,"Place(_api=<tweepy.api.API object at 0x000001CDBF81CF60>, id='a129cd2cc1781a1c', url='https://api.twitter.com/1.1/geo/id/a129cd2cc1781a1c.json', place_type='city', name='Klojen', full_name='Klojen, Indonesia', country_code='ID', country='Indonesia', contained_within=[], bounding_box=BoundingBox(_api=<tweepy.api.API object at 0x000001CDBF81CF60>, type='Polygon', coordinates=[[[112.617787, -7.991966], [112.6403648, -7.991966], [112.6403648, -7.953024], [112.617787, -7.953024]]]), attributes={})",,"b'Malang, Jawa Timur'",b'diodenta',b'diodent',0,0
1165172186220355586,2019-08-24 08:01:11,b'kok bisa nggak ke detect dokter sih padahal baru vaksin dia',,,,"b'Jakarta Capital Region, Indone'",b'vio',b'immatureknight',0,0
1165171456440860672,2019-08-24 07:58:17,b'@psychobitj Vaksin biar kuat nerima kenyataan',,,,b'Diantara kalian',b'Halah',b'TolbekBokoh',0,0
1165164767532597249,2019-08-24 07:31:42,b'Otak tak vaksin ke sampai boleh bagi statement macam ni? https://t.co/BhE9Z57LIm',,,,b'Ed',b'\xc9\x90\xc4\xb1\xc9\x9f\xc9\x90s \xf0\x9f\xa5\x80',b'SafiaAdnn',0,0
1165163075420344321,2019-08-24 07:24:59,b'Hubungi kami untuk maklumat yang lebih lanjut di +60139861488 / 03-58853977\n#uniklinikshahalam #uniklinikseksyen13 #klinikshahalam #visceralfatloss #pemeriksaankesihatan #ultrasound #scanibumengandung #perkhidmatansunat #vaksin #KlinikDrRugaiyah #healthylifestyle',,,,b'Shah Alam',b'U.n.i KLINIK Shah Alam',b'UniklinikMY',0,0
1165162878082539521,2019-08-24 07:24:12,b'@IbukOnang @jarangmandi_ Baru mau imunisasi campak ini bu.',,,,"b'Sebelah Musholla Ar-Rasyidin Temanggung, Indonesia'",b'Mas2 Sekretaris PKK',b'guffybach',0,0
1165157836898201600,2019-08-24 07:04:10,"b'@farhan_paanzz Dia ni course apa, ke tak masuk universiti? Ni mesti x vaksin ni, kuman masuk otak\xf0\x9f\x98\xad'",,,,b'',b'helmo',b'aryffhelmi',1,5
1165157805847797760,2019-08-24 07:04:03,"b'@dirgarambe Belum lagi program HIV/AIDS, Stunting dan ASI, TB, imunisasi, ibu hamil dan melahirkan, lansia, remaja dsb.\nPuyeng, krn kebijakan turun dari pusat secara simetris ke seluruh daerah tanpa daerah sendiri punya kesiapan SDM, dan fiskal. \n\nYah ujung2nya, kerjaannya jadi kuratif lagi.'",,,,"b'Depok, Jawa Barat'",b'Amelia Martira',b'irasjafii',0,1
1165154305801969664,2019-08-24 06:50:08,"b'Raichi teacup kecil-kecil berani, galak, judes tapi kasihan habis sakit. Vaksin dan obat cacing... @ PetStation BSD City https://t.co/4MPEWv58Ow'",,,,b'',b'roysebastian',b'roysebastian',0,0
1165150515996397569,2019-08-24 06:35:05,"b'@strawberrycaine Bilas muka,gosok gigi,imunisasi biar maneh tegar gagah perkasa'",,,,"b'Bandung,west java'",b'SiKumal',b'Makronipanggang',0,0
1165148965026664448,2019-08-24 06:28:55,"b'tadinya mau bagi bagi vaksin anti lemot dan penyakit siput gila buat eskul lain, tapi abis di pake acenk hm capek aku'",,,,b' non-dating #HUNGER',b'\xe2\x82\xb0 Capt. Mingyu #HUNGERESKULDAY',b'kimtangyu',0,0
1165148597505028097,2019-08-24 06:27:27,"b'Orang2 masih takut vaksin gk sih? Gw jadi inget pernah nonton cosmos, kalo yg nyiptain vaksin itu bahkan gk pernah minta hak paten demi keselamatan umat manusia \xf0\x9f\x98\x94 tp knp pada takut sih? :('",,,,b'Jakarta',b'Naysha',b'nayshaica',0,0
1165148257401442304,2019-08-24 06:26:06,b'@LisaAmartatara3 @jokowi @prabowo Ayo kita berantas vaksin palsu',,,,b'Indonesia',b'anti pks = anti partai kardus sandi',b'BungaranMario',0,0
1165146959406981121,2019-08-24 06:20:57,"b'Bapakku hari ini nemenin aku yang nganter Aya vaksin. Kata ibuku, padahal bapakku dulu gak pernah nganter waktu aku sama adekku vaksin \xf0\x9f\x98\xa2\xf0\x9f\xa4\xa3\n\n\xe2\x80\x9cYa kan dulu kerja, sama aja kan kayak Bryan sekarang gak bisa liat Aya vaksin karena lembur. Bapak2 pabrik tuh gt kak\xe2\x80\x9d - Bapak'",,,,b'Yogyakarta',b'OK.OC',b'febribi',0,0
1165145352615292928,2019-08-24 06:14:34,b'@amirachmasari Aku jugaaa ingin!!! Good job Mi..\xf0\x9f\x91\x8f\xf0\x9f\x91\x8f nanti aku cari tahu gimana cara vaksin nya disini.',,,,"b'Daegu, Republic of Korea'",b'Meladia',b'Meladiaelok',0,0
1165134465376694272,2019-08-24 05:31:18,"b'~AVAILABLE :\nmale\n\xe2\x9d\xa4\xef\xb8\x8f\xe2\x9d\xa4\xef\xb8\x8f\xe2\x9d\xa4\xef\xb8\x8f Stambum + vaksin\nLokasi : Badung, Bali\nContact : 081246760023 TLP/Wa\nTrims...\n#pugsofinstagrams #pugloversclub\n#pugpuppies #pugbali #pugbalilover #dewatapugcommunity #anjingdijualdibali\xe2\x80\xa6 https://t.co/UClpkvOM2I'",,,,"b'Mengwi,badung,bali'",b'IWynSuranadiMuliana',b'mul_nick',0,0
1165134337102106624,2019-08-24 05:30:47,b'@mscendani vaksin anti baper yg paling murah',,,,b'Close to Heaven',b'\xf0\x9f\xa6\x82',b'teofillin',1,0
1165132947537580032,2019-08-24 05:25:16,b'@anisshhhhhhhh hmm maybe vaksin dgn misai je kot tu pasei tebal',,,,b'',b'brahh',b'fmsyfq',0,0
1165129708746313728,2019-08-24 05:12:24,"b'Yuk, Kenali Imunisasi!\nHarga Rp45.000,-\n.\nInformasi dan pembelian buku dapat melalui\nCSO, silakan hubungi:\xc2\xa0\nSelvi (Customer Service Officer)\nTelp. 0274-588783 ext. 300;\xc2\xa0\nSMS/WA 08164263378\xc2\xa0\nE-mail\xe2\x80\xa6 https://t.co/obxajDvgkf'",,"Place(_api=<tweepy.api.API object at 0x000001CDBF81CF60>, id='408ad88ee0345f7d', url='https://api.twitter.com/1.1/geo/id/408ad88ee0345f7d.json', place_type='city', name='Depok', full_name='Depok, Indonesia', country_code='ID', country='Indonesia', contained_within=[], bounding_box=BoundingBox(_api=<tweepy.api.API object at 0x000001CDBF81CF60>, type='Polygon', coordinates=[[[110.369586, -7.8045923], [110.447993, -7.8045923], [110.447993, -7.730799], [110.369586, -7.730799]]]), attributes={})","{'type': 'Point', 'coordinates': [110.38955231, -7.764064]}","b'Yogyakarta, Indonesia'",b'kanisiusmedia',b'kanisiusmedia',0,0
1165129046025310208,2019-08-24 05:09:46,"b'@rockygerung Wow luar biasahh...sukses bang,berikan vaksin akal sehat'",,,,"b'Jawa Tengah, Indonesia'",b'Sella Barajaj',b'SellaseptaniaK',0,1
1165127791752273921,2019-08-24 05:04:47,"b'Kemaren abis imunisasi combo kedua, 3 juta saja, Alhamdulillah ~~'",,,,b'embantul',b'Indah Novita',b'insaari_',0,0
1165126614885122049,2019-08-24 05:00:06,b'@qorygore #bacotsantuy bapa gua ke gitu tuh dude keknya minta di kasih imunisasi campak dan rubela;(',,,,b'',b'jihadfrmansh',b'jihadfrmansh',0,0
1165125909839351808,2019-08-24 04:57:18,"b'~AVAILABLE :\nmale\n\xe2\x9d\xa4\xef\xb8\x8f\xe2\x9d\xa4\xef\xb8\x8f\xe2\x9d\xa4\xef\xb8\x8f Stambum + vaksin\nLokasi : Badung, Bali\nContact : 081246760023 TLP/Wa) \ntanya harga  bisa lngsung TLP/WA\nTrims...\n#pugsofinstagrams #pugloversclub\n#pugpuppies #pugbali #pugbalilover\xe2\x80\xa6 https://t.co/zFKyNOIGNA'",,,,"b'Mengwi,badung,bali'",b'IWynSuranadiMuliana',b'mul_nick',0,0
1165124935850713093,2019-08-24 04:53:26,b'@digeeembok mgkn di vaksin tapi virus nya kebal malah jadi bloon nih anak \xf0\x9f\x98\x82',,,,"b'Cilandak, Jaksel'",b'Andrew',b'dreXxX87',0,0
1165124337881378816,2019-08-24 04:51:03,"b'Adalah suatu kesalahan memilih jadwal vaksin pas di hari dinas. Belum 24 jam, udah kram \xf0\x9f\x98\x90 https://t.co/ypHpl6ndcz'",,,,"b'Padang, Indonesia'",b'Tri Novita Wulan Sari',b'tnwulans',0,0
1165123260305948672,2019-08-24 04:46:46,"b'Seri Pendidikan Masy #9 Vaksinasi rutin ayam petelur mrpk keg yg tdk bs diabaikan, ayam men jd lbh kebal thd berbagai virus jk vaksinasi tertib.Penyakit virus yg sering serang ayam: AI, ND Nobilia Bronchitis,CRD (pilek, bengkak,ngorok)\nhttps://t.co/7WW7vxkinW'",,,,"b'\xc3\x9cT: -7.047976,110.431906'",b'Nur Hadi Amiyanto',b'nurhadi_a',1,2
1165122246207107072,2019-08-24 04:42:45,"b'@rejormmay  Salam Sehat Bapak/ Ibu. Imunisasi yang dijamin BPJS Kesehatan Imunisasi dasar, meliputi Baccile Calmett Guerin (BCG), Difteri Pertusis Tetanus dan Hepatitis-B (DPT-HB), Polio'",,,,b'Indonesia',b'BPJS Kesehatan RI',b'BPJSKesehatanRI',0,0
1165121325804818432,2019-08-24 04:39:05,"b'@BPJSKesehatanRI Selamat siang, BPJS. Ingin menanyakan, apakah biaya Imunisasi bisa ditanggung BPJS Kesehatan?'",,,,b'',b'Bad in English',b'rejormmay',0,0
1165119159430074368,2019-08-24 04:30:29,"b'@qnafess Tergantung sakitnya apa, kalo cuma vaksin g nyampe 300k'",,,,b'WINNER CITY',b'\xf0\x9f\x92\xa2WAITING FOR YOON SOLO COMEBACK\xf0\x9f\x92\xa2',b'milly8n',0,0
1165119111048728576,2019-08-24 04:30:17,"b'@zaidan_zen Ga nyakar kok, udh di vaksin'",,,,b'',b'neng kasep',b'popcrouun',0,0
1165118034249314304,2019-08-24 04:26:00,"b'My cousin, Dr Hazirah handle every case professionally! Including Lily, after Lily dah stop cirit. Makan minum pun elok je, and makin aktifm I bawak Lily pergi vaksin kurap kt klinik cousin I. Tu gambar Lily dlm carrier kt klinik. https://t.co/wIoAolUbZG'",,,,"b'Colorado, USA'",b'\xf0\x9f\x8d\x89',b'uwxxis',3,25
1165116627215454208,2019-08-24 04:20:25,"b'@jjunhai WAH INI PERLU DI DIDIKLAT ULANG, MASUKI. PUSKESMAS BUAT DI SUNTIK VAKSIN'",,,,b'GF slot @ssolarsido',b'Moonbyul',b'NOOBYUL',0,0
1165115156478578688,2019-08-24 04:14:34,b'@detikcom Tujuannya ap sih sbnrnya pin emas ataupun kuningan itu? Pekan imunisasi nasional?',,,,b'Indonesia',b'Suesty Seprida Situngkir',b'Suesty2',0,0
1165114371669807104,2019-08-24 04:11:27,"b'Tapi bila kepercayaan kau tu menyusahkan orang lain macam anti vaksin ke apa. Ni bebal. Ni setakat ""aku tak nak makan ayam time pantang sebab aku percaya sekian-sekian"". Lepastu member sebelah ""ey kunonya tak makan ayam"". Benda ni tak susahkan sesiapa so suka hati dia lah. Okay.'",,,,b'',b'\xd8\xb3\xd9\x8a\xd8\xaf\xd8\xa7\xd8\xa9 \xd8\xa7\xd9\x84\xd8\xb9\xd9\x82\xd9\x8a\xd9\x84\xd8\xa9',b'saidatul_aqilah',0,0
1165113856923844608,2019-08-24 04:09:24,"b'Hari ke-5 Lily jadi makin clingy. Dal keadaan dia cirit non stop, berkurap still nak manja nak tido dgn I. Masa ni doc bgi ubat sapu je utk kurap. Tak boleh vaksin lagi sbb tgah cirit. https://t.co/R1dPH2jYse'",,,,"b'Colorado, USA'",b'\xf0\x9f\x8d\x89',b'uwxxis',2,19
1165108252364828672,2019-08-24 03:47:08,"b'@dya_11677 @VIVAcoid Imunisasi rabies yg belom,,'",,,,b'',b'Banas Pati',b'Yoyok99738282',0,1
1165106435799146496,2019-08-24 03:39:55,b'@dya_11677 @VIVAcoid Kata kuncinya BSH &amp; imunisasi',,,,b'Indonesia',b'Iftitah',b'Iftitah19380798',0,1
1165106346397593605,2019-08-24 03:39:34,"b'Bagi temen""yg bertanya knp harga nya beda jauh bgt krn di vet Angel harus dicek dulu apa sudah lengkap vaksin, bebas panleu dll, alat dan jasanya pun diihitung jd nya mahal. Akhirnya aku jait lukannya di steril malabar yg emang biasa steril dan vaksin subsidi\xf0\x9f\x99\x8f\xf0\x9f\x99\x8f terimakasih'",,,,b'Bogor',b'aisya // cek pinned tweet\xf0\x9f\x99\x8f\xf0\x9f\x8f\xbc',b'kwonceleb_',0,0
1165102223468068865,2019-08-24 03:23:11,b'Nasib baik naim jenis boleh fikir waras. Dari segi family planning dari segi vaksin and etc https://t.co/uNd3SyKG1F',,"Place(_api=<tweepy.api.API object at 0x000001CDBF81CF60>, id='6b9ed4869788d40e', url='https://api.twitter.com/1.1/geo/id/6b9ed4869788d40e.json', place_type='city', name='Damansara', full_name='Damansara, Selangor', country_code='MY', country='Malaysia', contained_within=[], bounding_box=BoundingBox(_api=<tweepy.api.API object at 0x000001CDBF81CF60>, type='Polygon', coordinates=[[[101.4761877, 2.9745362], [101.6291504, 2.9745362], [101.6291504, 3.1279044], [101.4761877, 3.1279044]]]), attributes={})",,b'Malaysia',b'Timah Fatimah',b'mir_nrnmrh',0,0
1165100377655562241,2019-08-24 03:15:51,"b'Selain isu vaksin &amp; flat earth, jgn lupa tanya jugak ye opinion pasangan masing2 ttg isu pedophile ni \xf0\x9f\x98\x8c'",,,,b'Malaysia - Mansoura',b'Arneeda Ibrahim',b'Needaadiiduudii',0,0
1165100029771575296,2019-08-24 03:14:28,"b'and to whoever yang jadi anak dia, tolong la vaksin otak bapak anda ni sekali'",,,,b'Winterfell',b'Aizuddin',b'_noraizuddin',0,0
1165100018497277952,2019-08-24 03:14:25,"b'aku pelik betul lah makcik facebook ni, vaksin taknak, ubat ubat takde kelulusan kkm kt fb laju pulak dia pm, ni semua agenda yahudi!\n\nHAHAHA!'",,,,b'',b'jann.',b'frznhyb_',0,1
1165097661298425856,2019-08-24 03:05:03,"b'Salam sean lee, awak anti vaksin tak?'",,,,b'',b'aliaa',b'aliaalame',0,2
1165096917149241344,2019-08-24 03:02:06,"b'Dan jika penyakit mematikan di negara ini akibat dr virus/bakteri produk cina yg vaksin/obat-nya hanya diproduksi cina, dlm sekejap NKRI pasti berbendera komunis cina. Jadi, knp mentri korup kristen batak radikal itu blm juga diciduk utk dihukum mati?'",,,,b'in your heart \xf0\x9f\x8c\xb7',b'deni saco',b'densatjo',0,0
1165096394635587584,2019-08-24 03:00:01,"b'Penyakit Tifoid/Tipes adalah penyakit infeksi akut usus halus oleh bakteri salmonella thypi dan salmonella para thypi A,B,C. Imunisasi tifoid mampu secara efektif  mencegah Tifoid atau yang sering disebut dengan nama tipes selama 2-5 tahun.'",,,,b'Indonesia',b'Tanya Imunisasi',b'Tanya_Imunisasi',0,0
1165096177882128384,2019-08-24 02:59:09,b'Aku rasa Zamir ni dah boleh berhentilah kot cakap pasal vaksin lah apa lah. Fokus je dengan kau punya fizik.\n\nHal2 perubatan biar orang yang ahli saja cakap.\n\nBila kau cakap orang dulu punya purata usia hidup cuma sekitar 40 tahun hahahahaha.',,,,b'',b'Osman Malek',b'OsmanMalek_',1,1
1165094397437808640,2019-08-24 02:52:05,b'@VIVAcoid Anak kurang vaksin..',,,,b'Lembah Damai Indonesia \xf0\x9f\x87\xae\xf0\x9f\x87\xa9',b'ACHZAM PRABU',b'achzam_prabu',0,2
1165093699543453696,2019-08-24 02:49:19,b'hoax terbesar banyak terjadi dan selesai. contoh nyai ratu oplas.\nHOAX terstruktur adalah\nHALAL dan IMUNISASI.\n\ndan kalian hebat.\n(tetap berada didalamnya)',,,,b'',b'lucky strike e nya satu',b'ButDjem',0,0
1165093247326179328,2019-08-24 02:47:31,"b""@vanyaous Ngerti kok, anakku pinter mbak, dan di vaksin. Cuman lagi bolos sekolah aja, ga enak badan :') https://t.co/SsQ63GR6XS""",,,,b'',b'binhshxx53',b'binhshxx53',0,0
1165092997584654336,2019-08-24 02:46:31,b'Ketika melihat anak sd di imunisasi\nSeketika ingat aku adalah pelaku yang lari-lari tawaf kelas karena gamau di suntik',,,,"b'Gunung Kidul, Yogyakarta'",b'Afiq',b'afiq_kur',0,1
1165092724376100865,2019-08-24 02:45:26,b'@fatwarachman Vaksin demam kuning bro. Coba googling deh :v',,,,b'Indonesia',b'Adhie Raksha',b'adhieraksha',0,0
1165091289261436929,2019-08-24 02:39:44,b'Alhamdulillah. Dpt bersalam dgn Sahibul Samahah Mufti Wilayah Persekutuan @drzul_albakri di Program Imunisasi Anjuran PKD Kepong.',,,,"b'Cheras, Selangor'",b'zwan',b'AzwnHfz',0,1
1165090461674926080,2019-08-24 02:36:27,"b'#SahabatImun, mimin kasih tips nih supaya anak nggak trauma di imunisasi! Selain tips di atas, share yuk di kolom komentar kalo sahabat punya tips ampuh lainnya!\n\n#IMUNinfo #AyoImunisasi #KelompokImunitas #HerdImmunity #BersamaTerlindungi #Parenting #Imunisasi #TipsParenting https://t.co/EBYmJvOmZR'",,,,"b'Bandung, Indonesia'",b'InfoImunisasi',b'infoimunisasi',0,0
1165089749213663232,2019-08-24 02:33:37,b'@HdFizanne dapatkan rawatan vaksin',,,,b'klang',b'Signore.H \xea\x90\x95\xea\x86\x9b',b'haqrusli_',0,0
1165089179224567808,2019-08-24 02:31:21,"b'@mrsryn22 Inilah bunda, pentingnya mencukupi gizi anak dan imunisasi anti-koplo saat balita'",,,,b'continental',b'Bintang Noiyusa',b'terlumong',0,0
1165088452456542208,2019-08-24 02:28:28,b'Babinsa Koramil 05 Banguntapan Dampingi Imunisasi Campak - Korem 072 Pamungkas https://t.co/n40QoMzUos',,,,b'Jl. Reksobayan No.4 Yogyakarta',b'Korem072/Pmk',b'Korem072Pmk',0,0
1165088031042260992,2019-08-24 02:26:47,b'@digeeembok Vaksin jaman now = Air Tinja + Vit Kencing Onta.',,,,b'',b'TheEqualizer',b'NickoElH1012',0,0
1165085463306047488,2019-08-24 02:16:35,b'@rahardiani_ Itu experiential vaksin lalal dari medion humm gratis sih tp kok enak gegoleran',,,,"b'Yogyakarta, Indonesia'",b'I am',b'sadgurl1004',0,0
1165084397357293571,2019-08-24 02:12:21,b'Babinsa Koramil 10/Prembun Dampingi Imunisasi BIAS - Korem 072 Pamungkas https://t.co/EiQpKmBYSE',,,,b'Jl. Reksobayan No.4 Yogyakarta',b'Korem072/Pmk',b'Korem072Pmk',0,0
1165084372145303552,2019-08-24 02:12:15,b'Dah boleh tambah dah soalan wajib sebelum kawin. Dah vaksin ke belum?',,"Place(_api=<tweepy.api.API object at 0x000001CDBF81CF60>, id='f7a6bc3ea40472cc', url='https://api.twitter.com/1.1/geo/id/f7a6bc3ea40472cc.json', place_type='admin', name='Kelang', full_name='Kelang, Selangor', country_code='MY', country='Malaysia', contained_within=[], bounding_box=BoundingBox(_api=<tweepy.api.API object at 0x000001CDBF81CF60>, type='Polygon', coordinates=[[[101.1980484, 2.8838134], [101.5679626, 2.8838134], [101.5679626, 3.1922534], [101.1980484, 3.1922534]]]), attributes={})",,b'GGMU',b'Im Sharil',b'_Faaeizun',0,0
1165084205002498048,2019-08-24 02:11:35,b'TIM Puskesmas Pakjo Melakukan Sweeping Imunisasi Campak di MIN 2 Kota Palembang',,,,"b'Inspektur Marzuki KM.4,5 Pakjo'",b'Mindua Palembang',b'minduapalembang',0,0
1165082574676316160,2019-08-24 02:05:06,"b'@askmenfess sama sama bahaya, sama sama menular melalui cairan tubuh yang terinfeksi, namun hep. B dapat di cegah dengan vaksin Hep. B'",,,,b'',b'A.',b'sunndarri',0,1
1165082344874598400,2019-08-24 02:04:11,"b'dulu pas baru putus sok ga kenal,\nsekarang udah lama tiba-tiba chat\nbilang kangen, situ abis kena vaksin\npalsu ?'",,,,b'Lampung',b'Ayez',b'ayezragiel',0,0
1165081298614067204,2019-08-24 02:00:02,b'Healthy People!\nVaksinasi Tifoid sangat direkomendasikan bila anda pergi ke daerah wabah tifoid atau orang yang tinggal bersama dengan penderita dan juga petugas laboratorium. https://t.co/9wFP8DHC9H',,,,"b'Jakarta, Indonesia'",b'In Harmony Vaccination',b'Vaksinasi',0,1
1165081102303678464,2019-08-24 01:59:15,b'Babinsa Desa Kragilan Koramil 03/Mojosongo Serma Sugianto melaksanakan pendampingan imunisasi bias penjaringan kesehatan di SD 2 Dukuh Gudang Desa Kragilan\xe2\x80\xa6 https://t.co/2fxieI8LwS',,,,b'Surakarta Jawa Tengah',b'korem solo',b'KoremSolo',0,0
1165079994818629632,2019-08-24 01:54:51,"b'Haaiii Tasmania...\nPagi ini akan hadir kembali dialog interaktif \nBersama Puskesmas Tanjunganom Kab. Nganjuk\n\ndg tema ""Imunisasi dan Posy Jiwa"".\n\nIkuti ya...\n\xf0\x9f\x95\x98 jam 9 - 10 \nAyoo bergabung di\n \xf0\x9f\x93\xa9\xf0\x9f\x93\xb2 0818504444 \n\xf0\x9f\x93\x9e... https://t.co/RzpRF5LBBH'",,,,"b'Tanjunganom,Nganjuk'",b'Radio Tasma FM',b'RadioTasmaFM',0,0
1165077436544897024,2019-08-24 01:44:41,"b'@diodent Ga disuruh sih tp ditawarin dokter mau vaksin tambahan ga, gitu. Yha mumpung ditanggung jd nambah IPD, Rotarix sama 1 lagi apa ya lupa.'",,"Place(_api=<tweepy.api.API object at 0x000001CDBF81CF60>, id='e4d3eb9106fe011f', url='https://api.twitter.com/1.1/geo/id/e4d3eb9106fe011f.json', place_type='city', name='Sukun', full_name='Sukun, Indonesia', country_code='ID', country='Indonesia', contained_within=[], bounding_box=BoundingBox(_api=<tweepy.api.API object at 0x000001CDBF81CF60>, type='Polygon', coordinates=[[[112.581564, -8.032391], [112.635586, -8.032391], [112.635586, -7.947026], [112.581564, -7.947026]]]), attributes={})",,"b'Malang,Indonesia'",b'\xf0\x9f\x98\x8c',b'anandinakana',0,0
1165076932293083136,2019-08-24 01:42:41,b'Dulu pas sd klo imunisasi dapet kacang ijo. Skrg tes darah kok gak dapet kacang ijo jg ya :(',,,,b'Quantum Realm',b'Ibu Mertua \xec\x84\xb1\xec\xa7\x84 \xec\x97\xac\xec\xb9\x9c',b'wkwksenpai',0,0
1165075367830290432,2019-08-24 01:36:28,"b'@izudinenchelon Common reason terpengaruh dgn dakyah tak nak ada chemical content something like that dlm body anak, vaksin asal dr yahudi so CuBaAN hAlUs PuAk YaHuDi NaK bUnUh uMaT IsLaM n.............nabi Muhammad DuLu PoN tAk VaKsIn kEnApA kItA nAk VaKsIn \xf0\x9f\x92\x81\xf0\x9f\x8f\xbb\xe2\x80\x8d\xe2\x99\x82\xef\xb8\x8f'",,,,b'',b'BruceWahyu',b'_WahyuNizam',0,0
1165074868926218241,2019-08-24 01:34:29,b'@Jijieapplepie Serious lah. Tapi tulah. Mostly kt malaysia yang tolak vaksin berketayap :/',,,,b'',"b""din's""",b'izudinenchelon',0,0
1165074262794764288,2019-08-24 01:32:04,"b'Babinsa Desa Doplang Koramil 04/Teras menampingi kegiatan BIAS ( Bulan Imunisasi Anak Sekolah) Imunisasi Campak, oleh Tim BIAS dari Puskemas Teras. https://t.co/hAPl4TeFxz'",,,,b'Surakarta Jawa Tengah',b'korem solo',b'KoremSolo',0,1
1165073762456178688,2019-08-24 01:30:05,b'Vaksin menyerbu semua bagian tubuh melawan virus',,,,b'wescoast sumbawa',b'Tdemonite',b'tdemonite',0,0
1165071891570102272,2019-08-24 01:22:39,b'@digeeembok Vaksin comberan \xf0\x9f\x98\x82\xf0\x9f\x98\x82',,,,b'',b'sasa sisi susu',b'andriyansasasa',0,0
1165070689671376898,2019-08-24 01:17:53,"b'Semalam tanya bf kalau ada anak nanti dia bagi vaksin tak? Terus dia jawab ""mestilah. Gila taknak vaksin!"". Terus aku cakap okay boleh kahwin \xf0\x9f\x98\x82  lepastu dia tanya aku percaya bumi ni flat ke tak? Aku jawab tak. Dia plak cakap okay boleh kahwin \xf0\x9f\x98\x82'",,,,"b'Selangor, Malaysia'","b""Ir's""",b'Nieneiii',0,0
