1166126576611680256,2019-08-26 23:13:36,"b'Walaupun saya senang #IbuKotaBaru akhirnya dipilih kaltim, kekhawatiran saya cuman satu pak @jokowi yaitu NYAMUK, tolong nanti asn yg pindah ke kaltim di vaksin anti malaria dulu \xf0\x9f\x98\x81'",,,,"b'Muara Ancalong, Indonesia '",b'IKN Samboja',b'Musangk',0,1
1166125259650564096,2019-08-26 23:08:22,"b'@anonapostate @zoelfick benar, resiko mudorot lbh tinggi.\nuntungnya sadar sblm punya anak. kelak kalo sdh punya,anak2ku harus ikut semua vaksin.\nmreka cerdas, sebarkan isu kalo merusak suatu negara itu hrs dgn vaksin, tp sbnarnya, dgn antivaksin itulah mreka merusak negara.'",,,,"b'Malang, Jawa Timur'",b'mutmainah',b'mutmain73731922',0,0
1166117672536432640,2019-08-26 22:38:13,b'7050-an Siswa SD/ MI Sederajat di Kota Madiun Jalani Imunisasi BIAS Campak - madiuntoday https://t.co/GXAHztTE30 #madiun',,,,b'Madiun',b'Sekilas Madiun',b'sekilasMadiun',0,0
1166116217716785152,2019-08-26 22:32:26,b'@Felsluvbaekhyun @ustadxiumin @real__dinna @yeollana @pengabdinana @jjaerimm @absjunmyeon @SehunFangirls @lusicayoon @pochabear @bayikkancil @Ohkim0ng @gugujaem @whiteblove12 @AnnisaNurls @byunlight19 @lesp_26 @93nonuuu @xiuniverse__ @capricornsquad YAAMPUNNN KAGET AKU TUH BANYAK BANGET NOTIFNYAA SEMALEM DAH BOBO AKU ABIS DI SUNTIK VAKSIN',,,,b'',b'Ismar',b'IsmarisLaila',0,0
1166075661737267201,2019-08-26 19:51:17,b'Jadi untuk kalian yg punya kucing atau anjing tolong di vaksin dan di steril ya untuk meminimalisir peliharaan kalian terjangkit penyakit',,,,"b'UT: -6.889798,105.635073'",b'Ario Al Ghifari',b'GGhifari_',0,0
1166069708627427329,2019-08-26 19:27:37,"b'@rcfeby setdah sabar banget lu. gue kalo jadi lu mah ngamuk2 wkwkwkwk. sabar yak, kayanye baru permulaan aje ini mah. nyinyiran selanjutnye u knowlah kayak gimane. masalah susu, vaksin, pola asuh, entar bakal dinyinyirin &gt;,&lt;'",,,,b'Jakarta',b'Irvina Lioni',b'irvinalioni',0,0
1166068722957635584,2019-08-26 19:23:42,"b'Untuk mencegah terkena virus ini kucing kalian bisa di vaksin di petshop yg nyediain dokter hewan,murah kok cuma 200an'",,,,"b'UT: -6.889798,105.635073'",b'Ario Al Ghifari',b'GGhifari_',0,0
1166062304649043968,2019-08-26 18:58:12,"b'Kamu hidup hanya satu kali, tapi jika kamu melakukannya dengan benar, sekali juga cukup #imunisasi Titi_KamaLL'",,,,"b'Tanah Abang, DKI Jakarta'",b'aimma',b'kiutbebi',0,0
1166062232251162624,2019-08-26 18:57:55,"b'@day6xbrian ((lagi musim juga loh oppa, rajin2 vaksin jangan lupa opp))'",,,,b'',b'myoui mina',b'Twminaring',0,0
1166057271937257472,2019-08-26 18:38:12,"b'tb tb pengen ngetatto, untung dulu imunisasi aja takut. hehe'",,,,b'',b'sadcanbefun.',b'boywhocryyy',0,1
1166052002847047680,2019-08-26 18:17:16,b'@Aexshyer Kucing vaksin tak? Kena bagi mandi selalu kalau dia selalu main kat luaq.',,,,"b'Langkawi, Kedah'",b'Ain \xf0\x9f\x99\x83',b'larajacyntha',0,0
1166050149681881089,2019-08-26 18:09:54,b'jangan kawini acap. dia anti vaksin',,,,b'Dreamland ',b'\xe3\x82\xb9\xe3\x82\xab\xe3\x83\xbc\xe3\x83\xac\xe3\x83\x83\xe3\x83\x88\xf0\x9f\x92\xae',b'kakanekiken_',0,1
1166045561721483264,2019-08-26 17:51:40,"b'Si anak kmren barusan vaksin DPT, ditawarin sm susnya ""mau yg panas atau yg gak panas?"". Lsg kujawab yg gak panas dong, meski aku tau harganya juga gak main2... Tp pokoknya yg penting anak gak knp2 :\')'",,,,b'under your tweet',b'ana',b'herdiannaa',0,0
1166045185131761664,2019-08-26 17:50:10,"b""Ngliat anak disuntik vaksin BCG aja rasanya maknyesss di ati. Semua ilmu kedokteran pokoknya ambyar gatau knp.. rasanya kayak jd org awam yg gakmau anaknya kenapa2 :')""",,,,b'under your tweet',b'ana',b'herdiannaa',0,0
1166039637283860480,2019-08-26 17:28:08,"b'Prinsipnya masih sama: patah hati itu dibaratkan seperti di imunisasi, memang menyakitkan tapi akan menguatkan di masa depan.. .'",,,,b'',b'Para_shit',b'rickyajax1',0,1
1166035697410555905,2019-08-26 17:12:28,b'Boleh kalo saya dikasi makanan bergizi dan imunisasi https://t.co/szDDDZpTEf',,,,b'bhs/eng',b'Sean',b'nct_kdyg',0,0
1166031877586599939,2019-08-26 16:57:18,b'@dinugraheni @womanfeeds Terus kk di suruh vaksin hpv ga?',,,,b'',b'Kim Chi \xf0\x9f\x8d\x80',b'chimxtae_',0,0
1166030783133319169,2019-08-26 16:52:57,b'@NAEUNKLEK #. Imunisasi mu lengkap berarti. \xf0\x9f\x91\x8d',,,,b'Jakarta.',b'Anya.',b'sedinginhujan',0,0
1166022498212691973,2019-08-26 16:20:01,"b'Hari senin di sekolah ade gua bakal ada imunisasi buat anak-anak sd kelas 1 dan ade gua tuh takut mampus sm jarum suntik. Td pagi sbelom sekolah, nyokap gua ngecek ulang tas sekolah ade gua, dan nemuin ini di agendanya\n.\n.\nGuru macam apa yg bakal percaya itu tulisan nyokap gua?! https://t.co/ErK7a76IR4'",,,,b'',b'ivan alexander',b'vouglen_',0,3
1166019142668800002,2019-08-26 16:06:41,b'@nctjuwu IMUNISASI? EMNG HYUNG BAYIK?',,,,b'LELESQ;NCTRPs;NCTAMPAN',b'Dalen',b'zhnglele01',0,0
1166018521140121600,2019-08-26 16:04:13,b'@zhnglele01 BESOK IMUNISASI BIAR PINTER LAGI',,,,b'alson known as Miko.',b'uwu\xef\xbd\xa1',b'nctjuwu',0,0
1166016112879779841,2019-08-26 15:54:39,"b'Yalord ini jeksen kandangin tolong bawa plg... bucin kerash ngomongin bininya mele \xf0\x9f\x98\x92\nTolong yg punya vaksin, suntik dlu ke @jacksxnwang7 dong'",,,,b'Aileeans \xe2\x99\xa1',b'Ailee',b'IAM_AILEE89',0,0
1166015280167833601,2019-08-26 15:51:20,b'@ekieeeeeee Opone imunisasi iku',,,,b'Kabupaten Asgard',b'Od\xce\xb9\xce\xb7 S\xe1\xb4\x8f\xce\xb7',b'tansefi666',0,0
1166011261051527168,2019-08-26 15:35:22,b'@DMenfess Ini lah bahayanya manusia kalo tidak di imunisasi. Otaknya ketuker sama udang.',,,,b'',b'Bacot Kamu',b'almavira86',0,0
1166008199385767937,2019-08-26 15:23:12,b'@bonivasius10 Imunisasi mz. biar makin kebal',,"Place(_api=<tweepy.api.API object at 0x000002074C01FD30>, id='f689b1ed479bbfa4', url='https://api.twitter.com/1.1/geo/id/f689b1ed479bbfa4.json', place_type='city', name='Ngaglik', full_name='Ngaglik, Indonesia', country_code='ID', country='Indonesia', contained_within=[], bounding_box=BoundingBox(_api=<tweepy.api.API object at 0x000002074C01FD30>, type='Polygon', coordinates=[[[110.366707, -7.755091], [110.443344, -7.755091], [110.443344, -7.670055], [110.366707, -7.670055]]]), attributes={})",,b'Yk',b'a k a',b'zataaqmarul',0,0
1166007357693779974,2019-08-26 15:19:52,"b'@Airin_NZ tp ada jg yg nolak bank umum,bpjs,vaksin dlsb \ntapi pake point aplikasi start up &amp; menikmat discount dg cara bayar tertentu sesuai ketentuan aplikasi...\xf0\x9f\x98\x8a\xf0\x9f\xa4\xad'",,,,b'Indonesia',b'amustov',b'mustovtwit',1,2
1166005763774398466,2019-08-26 15:13:32,"b'@hweyon Jangan di gigit, aku belom nyetok vaksin rabies'",,,,b'#808-HAWAII & #aestitudes. ',b'catto yeji!',b'yejdi',0,0
1166005117650259968,2019-08-26 15:10:58,"b'@eko_kuntadhi @LieDetectorID Hijraher anti riba itu sama aja kyk anti vaksin. Menimbulkan masalah lebih besar. Emang kalo kita kesusahan mrk mau nolong, ttep aja kita ga pny duit minjem ke bank'",,,,b'Bandung',b'IG: @ade_rfr',b'ummirima',7,10
1166001746667139072,2019-08-26 14:57:34,b'Dinkes Palembang targetkan imunisasi campak 30.841 pelajar https://t.co/wIzV5FitGM https://t.co/6GG5hTGBB4',,,,b'',b'suara Palembang',b'SuaraPalembang',0,0
1165997729799004160,2019-08-26 14:41:36,b'Happy #InternationalDogDay\nbaru aja di vaksin tadi\xf0\x9f\x98\x80 https://t.co/0z5hGuHuuD',,,,b'Indonesia',b'hey!',b'abcdefgladys_',0,0
1165997704159186949,2019-08-26 14:41:30,b'@citalopram10mg @cherlottiee Nanti ikut vaksin pas dah beduit\xf0\x9f\x98\x82',,,,"b'Pontianak, Indonesia'",b'Smiley',b'awecho99',0,0
1165995944870993920,2019-08-26 14:34:31,b'@mutmain73731922 @zoelfick Aku rasa resiko tidak di vaksin jauh lebih besar dan nyata drpd dosa',,,,b'Indonesia',b'apostate.anonymous',b'anonapostate',0,0
1165994522842558464,2019-08-26 14:28:52,"b'Lagi mens yakan, ambil darah lengan kiri, vaksin lengan kanan. Ngerti ngga sih pegelnya kayak apa?'",,,,"b'Kota Semarang, Jawa Tengah'",b'nadia',b'fikashafianan',0,0
1165994107623419904,2019-08-26 14:27:13,"b'@N_Winaris 195 sekali vaksin. Emang mahal ya si gardasil 9 krn rangenya lbh luas ya? gw cek harga di negara lain, ternyata ga jauh beda. Emang kudu ngepet ini'",,,,b'',b'Bening Mayanti',b'beningmayanti',0,0
1165991093290192896,2019-08-26 14:15:14,b'@preciouls Baru kemaren di imunisasi gueee',,,,b'',b'heypam',b'pamunqkass',0,0
1165988708442501121,2019-08-26 14:05:45,b'@EviAnjelina @FNasimuddin Udah kayak imunisasi baby yak?! \xf0\x9f\xa4\xa3\xf0\x9f\xa4\xa3',,,,b'',b'Na_rina26',b'Rina26Na',0,0
1165987942117986305,2019-08-26 14:02:43,b'budak anti vaksin tkpernah guna buku ni \xf0\x9f\xa5\xb4 https://t.co/FM5OaAMmYy',,,,b'JHB - SG',b'Harley Potter\xe2\x9a\xa1\xf0\x9f\x91\xb1\xf0\x9f\x8f\xbc\xe2\x80\x8d\xe2\x99\x80\xef\xb8\x8f',b'srrygdby',0,0
1165987605235695617,2019-08-26 14:01:22,"b'@mareamaria Mmg kena buang ke? San ingt dpt gaji ni baru nak bwk dia tu dgn okoye. Okoye nak vaksin, dia tu nak buat mata tu la. Kesian. Tp dia aktif je..'",,,,b'',b'secebis san',b'secebisan',0,0
1165986168111951872,2019-08-26 13:55:40,"b""ANF! Gaes anabulku keluar cacing kecil gtu warna putih dari pantatnya, dia emg blm pernah di vaksin/minum obat cacing. Kalo besok ku kasih dront*l efek sampingnya apa ya? Thx :')""",,,,b'Report/PP/CP \xf0\x9f\x91\x89\xf0\x9f\x8f\xbb',b'ANF!',b'animalfess',1,0
1165985876947558400,2019-08-26 13:54:30,b'Rumah tu seolah-olah busuk. Anak2 semua kena kudis2.\n\nBayangkan betapa malasnya ibu bapa. Sudahlah anti-vaksin.\n\nJadi rukun rumah tangga sudah berada bukan pada tempatnya. Adakah ini dinamakan tamadun atau peradaban?',,,,b'Malaysia',b'Ken',b'KurangSe1',0,0
1165983029266800640,2019-08-26 13:43:11,b'Itu yang sering sakit hati. Pas kecil nga di imunisasi yak ?!',,,,b'',b'Agatsuma Zenitsu',b'SleepyFabs',0,1
1165982188875051008,2019-08-26 13:39:51,"b'@94fn__ Itung sekalian biaya vaksin, makan, periksa rutin, vitamin, snack, kandang, pasir, tempat pup tempat pipis, wah banyak lagi kayanya'",,,,b'Hogwarts cabang Jogja',b'\xe9\x9b\xa8',b'CRUSlATUS',0,0
1165980914028990464,2019-08-26 13:34:47,"b'@animalfess Percaya deh sama aku, asal kamu ga pamrih, nanti ada rejekinya buat vaksin dsb'",,,,b'',b'BICARASENDIRI',b'puped13',0,0
1165979360156774400,2019-08-26 13:28:36,b'@wjmildh Cie yang kasian\n\nSedia vaksin dah phi',,,,b'Pompom Kingdom',b'PERTH',b'perthppa',0,0
1165978368430313473,2019-08-26 13:24:40,"b'Cari jodoh sekarang bukan kene tengok sekufu pangkat dan harta je, kene tengok juga sefahaman tentang vaksin dan bumi \xf0\x9f\x98\x85'",,,,b'',b'\xf0\x9d\x93\xb7\xf0\x9d\x93\xb2\xf0\x9d\x93\xb7\xf0\x9d\x93\xaa \xf0\x9f\x95\x8a',b'amoiNAMR',0,0
1165975904603885568,2019-08-26 13:14:53,b'@namjunisasi HY IMUNISASI',,,,b'',b'ghitaketawa\xe2\x80\x99',b'jiminnpie',0,0
1165972767675600896,2019-08-26 13:02:25,b'@maszlee Wajib vaksin pls..',,,,b'Malaysia',b'\xe3\x82\xa4\xe3\x83\x83\xe3\x82\xb6\xe3\x83\xa0',b'Izzamkitoro',0,0
1165972412455768065,2019-08-26 13:01:00,"b'@siskafrie Iyo dek tdi imunisasi, huhu syg nian dk ktemu \xf0\x9f\x98\xad'",,,,b'Indonesia',b'Tiara F Reamond',b'tiarafadhilah',0,0
1165972178057216001,2019-08-26 13:00:04,"b'Seharian ini abis ngurus kucing, dan tadi pas lagi nunggu buat vaksin ada kucing yg mati pas dokter lg periksa. Terus mas nya nangis gitu sedii bgt:('",,,,b'Indonesia',b'April',b'aprilandin',0,0
1165971380090748928,2019-08-26 12:56:54,b'Dinas Kesehatan Gayo Lues Bentuk Forum Komunikasi Masyarakat Peduli Imunisasi https://t.co/TkKffDjD79',,,,b'Blangkejeren Aceh',b'Bara News Aceh',b'Baranewsaceh',0,0
1165969502825148418,2019-08-26 12:49:26,b'Sore disuru ke klinik kantor buat vaksin lanjutan',,,,b'Indonesia',b'ima',b'imatasia',0,0
1165968009350893570,2019-08-26 12:43:30,b'Aku xtau sejak bile fb ni ada dating apps. Mcm apps cri jodoh hahahahahaha tapi dia paksa aku register asyik kluar noti taknak hilang. \nThen aku buat lah account. Lepas tu kan dekat descriptions tu aku letak lah soalan anti vaksin ke tak dengan soalan psal pedofilia.',,,,b'',b'SyazLe',b'syazzha1',0,0
1165967908146577410,2019-08-26 12:43:06,b'@animalfess kalau masih 3 minggu ati-ati kasih obat oral atau tetes. sementara dibedakin pake bedak bayi aja dulu. kalau udah 2 bulanan baru diobatin sekalian vaksin pertama.',,,,b'',b'cucul',b'cucul',0,0
1165965520715124743,2019-08-26 12:33:37,"b'@sadgurl24h @Youalloverme89 @kidulblumbang @animalfess Mau nimbrung, tokso tuh parasit yang bisa bikin mandul?\nKucingku bau banget kotorannya, apa harus di vaksin?'",,,,b'',b'des',b'alpacabunny',0,0
1165964684001808384,2019-08-26 12:30:17,b'@animalfess Engga nah. Aku dulu srg piara kucing liar. Tanpa vaksin dll',,,,b'Universe',b'foto bibir memble aja',b'budakkochenghqq',0,0
1165963573694091264,2019-08-26 12:25:53,"b'Anf! Kucing ini setiap pagi sore aku kasih makan pas aku libur sebulan kuliah. Trus dia sekarang jd di teras rumah mulu, kadang aku ajak main. mau aku pelihara tp gak punya uang (ky vaksin, dll) gimana ya? Kalo ngga divaksin gitu2 aku elus2 badannya akunya kena penyakit ngga?:( https://t.co/Q6TXBdxgiV'",,,,b'Report/PP/CP \xf0\x9f\x91\x89\xf0\x9f\x8f\xbb',b'ANF!',b'animalfess',1,7
1165963379694919683,2019-08-26 12:25:06,b'lah segala vaksin https://t.co/91K1Q35WaQ',,,,"b'Sichuan, Chengdu, China '",b'Kikuchan',b'DMJINGYI94',0,0
1165963289798434816,2019-08-26 12:24:45,b'@izoneytena udah di vaksin ya',,,,"b""hamtareum's \xf0\x9f\x92\x93""",b'\xec\x8a\xb9YOUN #FLA\xcf\x9fH',b'X1_CSYOUN',0,0
1165962299888193536,2019-08-26 12:20:49,b'@FidesTita Hati hati ces vaksin dulu ya sblm main ama tita',,,,"b'\xc3\x9cT: -0.4940432,117.1442618'",b'Sisilia',b'sisilllllia',0,0
1165961648323977221,2019-08-26 12:18:14,b'Kucing gw kenapa sih pinter bener akting ya Allah. Tiap kali suntik vaksin lgsg pura2 pingsan \xf0\x9f\x98\x82',,,,b'was kekayuanSY',b'\xf0\x9d\x92\x84\xf0\x9d\x92\x94\xf0\x9d\x92\x9a \xf0\x9f\xa6\x8b',b'vvoodzyoun',0,0
1165960798461669386,2019-08-26 12:14:51,"b'@beningmayanti Tp sekarang harusnya udah agak lebih murah sih, karena banyak yg aware kan. Dan sempet ada program vaksin gratis dr pemerintah. Kalo ga salah di rumah vaksin sekitar 700ribuan skali suntik. Di sana berapaan emang?'",,"Place(_api=<tweepy.api.API object at 0x000002074C01FD30>, id='00f24ae701a1207b', url='https://api.twitter.com/1.1/geo/id/00f24ae701a1207b.json', place_type='admin', name='Abu Dhabi', full_name='Abu Dhabi, United Arab Emirates', country_code='AE', country='United Arab Emirates', contained_within=[], bounding_box=BoundingBox(_api=<tweepy.api.API object at 0x000002074C01FD30>, type='Polygon', coordinates=[[[51.2938738, 22.6261387], [56.0175464, 22.6261387], [56.0175464, 25.1639588], [51.2938738, 25.1639588]]]), attributes={})",,"b'Abu Dhabi,United Arab Emirates'",b'Badariah Yosiyana',b'byosiyana',0,0
1165959474986668032,2019-08-26 12:09:35,"b'aku anak sehat, tubuhku kuat\nkarena ibuku rajin dan cermat\nsemasa aku bayi\nselalu diberi asi\nmakanan bergizi\ndan imunisasi https://t.co/3cOFrdxy3r'",,,,b'+62',b'cindi.',b'silvergoldexo',0,0
1165956106994085890,2019-08-26 11:56:12,"b'Belum lagi laporan Nakes yg periksa Hep C ditambah entrian by name\nPermintaan vaksin HbIg terus memastiakan vaksinnya sudah diambil bides sebelum px lahiran\nAbsen pegawai buat JKN yg masya Allah ribet bet bet, percayalah lebih enak yg ttd waktu JP cair kek gak ada beban'",,,,b'Home is where your heart is :)',b'Indira Rudia Wartini',b'DiraRudia',0,0
1165953058506821635,2019-08-26 11:44:06,b'@ohhanananana Plan esok pergi vaksin nak pakai belon jugak laa. Ahahahaha',,,,b'',b'\xf0\x9f\x8d\xaa\xf0\x9f\x8d\xab donutella pods okid \xf0\x9f\x98\x8b',b'okedkama',0,0
1165952934842003456,2019-08-26 11:43:36,b'Tak anti vaksin tapi tak payah vaksin tak perlu? \n\nEhhh bodo apa laaa. Sama la tu gileee anti vaksin la tu kiranyaaa. \xf0\x9f\x98\x85 reject awal awal hahahahaha',,,,b'',b'SyazLe',b'syazzha1',0,0
1165952454082433025,2019-08-26 11:41:42,b'@dindaarlynie_ udh kebal. krna dari bayi slalu ikut imunisasi \xf0\x9f\x98\x84',,,,b'Bumiayu. Jawa tengah          ',b'nadya',b'meilani_nadya5',0,0
1165950091598815233,2019-08-26 11:32:18,b'@mocdonie @wooseokabis @yireov @jaehyzn @bbydahere @vezxpa Coba bawa ke rsj buat di imunisasi(?)',,,,"b'Gangnam-gu, Republic of Korea'",b'[H] Jeffrey',b'nctjngjaeh',0,0
1165949265509699584,2019-08-26 11:29:01,b'@detikcom @jokowi @detikfinance Mending beli vaksin buat kampret pak \xf0\x9f\x98\x85',,,,b'Indonesia',b'rakyat JELATA bukan rakyat JELITA',b'FaisyallI',0,0
1165940825488076800,2019-08-26 10:55:29,"b'\xf0\x9f\x91\xa8\xe2\x80\x8d\xe2\x9a\x95\xf0\x9f\x8f\xa1\xf0\x9f\x90\xb1\xf0\x9f\x92\x89\xf0\x9f\x90\xb6\n.\nHalo om tante sobat Erlangga... .\n.\nAku habis di grooming nih biar makin cantik dan kece .\n.\nDan Jangan lupa utk tidak memvaksin ya , , \nkarna klo ga di vaksin , anabulmu ga kebal, mudah kena virus, bs\xe2\x80\xa6 https://t.co/slC73jqN5j'",,"Place(_api=<tweepy.api.API object at 0x000002074C01FD30>, id='a7842058dd0a9d09', url='https://api.twitter.com/1.1/geo/id/a7842058dd0a9d09.json', place_type='city', name='Taman', full_name='Taman, Indonesia', country_code='ID', country='Indonesia', contained_within=[], bounding_box=BoundingBox(_api=<tweepy.api.API object at 0x000002074C01FD30>, type='Polygon', coordinates=[[[112.623181, -7.399808], [112.718905, -7.399808], [112.718905, -7.343448], [112.623181, -7.343448]]]), attributes={})","{'type': 'Point', 'coordinates': [112.70135, -7.3782153]}",b'Surabaya',b'Drh.Erlangga Petshop & Petcare',b'DrhErlanggaPets',0,0
1165938277830004736,2019-08-26 10:45:22,b'vaksin hpv mahal ya',,,,b'',b'Bening Mayanti',b'beningmayanti',0,0
1165934057420546048,2019-08-26 10:28:35,b'Apalah. Anak vaksin borongan dikata ga sabar. Hsbxjxjsxjxudisnsos',,,,b'Whenever I want',b'Anindita Fadhila P.',b'hellodhila',0,0
1165930936988356608,2019-08-26 10:16:11,b'@bdmtya Sini aku vaksin',,,,"b'Yogyakarta, Indonesia'",b'jul',b'zulfikar_rinda',0,0
1165928357067776000,2019-08-26 10:05:56,b'Drone Emprit: Seberapa Riuhkah \xe2\x80\x98Kicauan\xe2\x80\x99 Seputar\xc2\xa0Vaksinasi? https://t.co/2zvZUOluw2 https://t.co/INaXJKpNVQ',,,,"b'Surabaya, Indonesia'",b'\xf0\x9f\x87\xae\xf0\x9f\x87\xa9 Ilham Akhsanu Ridlo',b'iaridlo',1,3
1165926794773401605,2019-08-26 09:59:44,"b'@nyolaras Iya syh ya..tapi hawanya parno kuman virus, parno keramaian, parno blm imunisasi dasar lengkap...hwaaa...tp klo terlalu higienis kan jg g bagus kan ya. Cuma mikirin doank udh kerasa rempongnya ini begimana coba. \xf0\x9f\x99\x88'",,,,"b'Semarang, Indonesia'",b'\xf0\x9f\x8c\xbfbuncis\xf0\x9f\x8c\xbb',b'NcisLuscious',0,0
1165926042726367233,2019-08-26 09:56:45,"b'@wanebot gue makan yg untuk balita, biasa hadiah dari ponakan abis imunisasi\xf0\x9f\x98\x82'",,,,b'pluto',b'laarilaaa',b'iyakenapasi',0,1
1165923553193021440,2019-08-26 09:46:51,b'@kenaloque yah diingetin padahal suntikan berikutnya vaksin hep :( wkwkw',,,,b'JKT-JOG',b'KA',b'dhikatakan',0,0
1165923244362231808,2019-08-26 09:45:37,b'mungkin mereka juga anti-vaksin.\nelok ler tak gi sekolah. https://t.co/TPk7iArmAE',,,,b'Malaysia',b'Skye',b'fadhilah_rahim',0,0
1165922791633256450,2019-08-26 09:43:49,b'@dhikatakan Apalagi kl vaksin hepatitis pas yang kedua :(',,,,"b'Yogyakarta, Indonesia'",b'Aloha',b'kenaloque',0,0
1165922607637528576,2019-08-26 09:43:06,b'#BeritaGorontalo Imunisasi DT dan TD Sasar 22.270 Siswa Sekolah Dasar Di Kota Gorontalo https://t.co/AQPA8blh2x https://t.co/xsPCbbHdJ8',,,,b'Gorontalo',b'Provinsi Gorontalo',b'ProvGorontalo',0,0
1165922105373814784,2019-08-26 09:41:06,"b'Sama jugak macam anti vaksin dekat malaysia yg tolak vaksin percuma. Kalau dekat amerika, paham jugak lah doa tolak pasai dia kena bayar, kat sini aku tak paham kenapa'",,,,b'',b'Siti.',b'stnrll',0,0
1165921962868142080,2019-08-26 09:40:32,"b'nyuntik &gt;&gt;&gt; disuntik \n\nbaru di vaksin entah pertama kali atau bukan, gapernah inget subcutan sengilu pegel2 ini :('",,"Place(_api=<tweepy.api.API object at 0x000002074C01FD30>, id='ea9809774c4145c3', url='https://api.twitter.com/1.1/geo/id/ea9809774c4145c3.json', place_type='city', name='Mlati', full_name='Mlati, Indonesia', country_code='ID', country='Indonesia', contained_within=[], bounding_box=BoundingBox(_api=<tweepy.api.API object at 0x000002074C01FD30>, type='Polygon', coordinates=[[[110.304567, -7.773728], [110.38574, -7.773728], [110.38574, -7.699502], [110.304567, -7.699502]]]), attributes={})",,b'JKT-JOG',b'KA',b'dhikatakan',0,0
1165920789310296064,2019-08-26 09:35:52,b'@itsukireiji @attiqnasir @Bysismaneh @_Rollinss Gua sampai sekarang tak faham jenaka vaksin ni. Anti vaksin ni gua tak faham kah kah kah bagi pencerahan cuki',,,,b'Dunia tipu daya',b'\xf0\x93\x84\x81\xf0\x93\x83\xa0\xf0\x93\x86\x89\xf0\x93\x85\xbf\xf0\x93\x83\xb0\xf0\x93\x86\x8f',b'BulanManjaKu',0,0
1165917210797211650,2019-08-26 09:21:39,b'@BulanManjaKu @attiqnasir @Bysismaneh @_Rollinss Baik baik typhoid dulu satusatu vaksin kann jgn amik yg flu hahahs',,,,"b'Johore, Malingsia'",b'Highkage Rei',b'itsukireiji',0,0
1165916894039142400,2019-08-26 09:20:23,b'@lailamucharomah Jgn lupa di vaksin ya bayinya',,,,b'somewhere',b'\xc9\xa5\xc9\x90\xca\x8esu\xc9\x90\xc4\xb1p\xc7\x9d\xca\x8c',b'vedians_',0,0
1165916763285905410,2019-08-26 09:19:52,b'Kirain ke ss kalau ga vaksin bakal baik-baik aja. Ternyata masih sama aja.',,"Place(_api=<tweepy.api.API object at 0x000002074C01FD30>, id='6ab2f5132f36eb85', url='https://api.twitter.com/1.1/geo/id/6ab2f5132f36eb85.json', place_type='city', name='Kuta', full_name='Kuta, Indonesia', country_code='ID', country='Indonesia', contained_within=[], bounding_box=BoundingBox(_api=<tweepy.api.API object at 0x000002074C01FD30>, type='Polygon', coordinates=[[[115.083847, -8.849261], [115.240267, -8.849261], [115.240267, -8.601695], [115.083847, -8.601695]]]), attributes={})",,b'Kuta Utara',b'r s t',b'ristywp',0,0
1165914572269572096,2019-08-26 09:11:10,"b'@nestapapemimpi ga selamanya kok,  gw percaya dengan penelitian saat ini vaksin HIV bakal segera ditemukan\natau bisa dengan suntikan setahun sekali. \nTetap semangat dan optimis ya \xf0\x9f\x92\xaa\xf0\x9f\xa4\x97'",,,,b'',b'Sam',b'OdhivSam',0,0
1165913451438325760,2019-08-26 09:06:43,b'abis vaksin nangis 20 detik jak \xf0\x9f\xa4\xa3 https://t.co/FUkFs5Navl',,,,b'INDONESIA  - Pontianak',b'O',b'olgaaudiaa',0,0
1165911780721418240,2019-08-26 09:00:04,b'Healthy People! \nBagi anda yang ingin melanjutkan studi ke Jepang pertimbangkanlah vaksin Japanese Encephalitis. Penyakit ini dapat menyebabkan radang otak hewan dan manusia. https://t.co/MRGAjyzGGk',,,,"b'Jakarta, Indonesia'",b'In Harmony Vaccination',b'Vaksinasi',0,0
1165911066464935938,2019-08-26 08:57:14,"b'Untuk memaksimalkan capaian kerja bidang Pemberantasan Penyakit Menular  dan Imunisasi,Puskesmas Gucialit mengadakan refreshing imunisasi dan Penyakit Yang Bisa Dicegah dengan Imunisasi( PD3I).\nNarasumber dari Sie\xe2\x80\xa6 https://t.co/DjUwVfYryY'",,,,"b'Gucialit, Lumajang, Jawa Timur'",b'Puskesmas Gucialit',b'GucialitPKM',0,0
1165910505615175680,2019-08-26 08:55:00,b'Japanese Encephalitis disebabkan oleh virus yang disebabkan oleh nyamuk yang terinfeksi di Asia dan Pasifik Barat. Virus JE adalah salah satu dari kelompok virus nyamuk menular yang dapat menyebabkan radang otak. Saat ini sudah tersedia Vaksinnya.',,,,b'Indonesia',b'Tanya Imunisasi',b'Tanya_Imunisasi',0,0
1165907923727306752,2019-08-26 08:44:45,b'Ajak Warga Imunisasi Lengkap lewat Pekan Imunisasi Dunia (PID) Tahun 2019 @dinkes_lampung https://t.co/pdGMFu0yvU',,,,"b'Bandar Lampung, Indonesia'",b'humas dinkeslampung',b'dinkes_lampung',0,0
1165907652074885121,2019-08-26 08:43:40,b'Mo imunisasi yg deg deg an emaknya \xf0\x9f\xa4\xa3',,,,"b'Kota Probolinggo, Jawa Timur'",b'Diniisnanda',b'Diniisnanda3',0,0
1165905174616915968,2019-08-26 08:33:49,b'(di Jakarta) Jual Red Toy Poodle Female Super Red Dijamin Kecil Turunan Taiwan Stb Vaksin https://t.co/6mYxD2xQqJ',,,,b'Indonesia',b'AnjingDijual',b'anjingdijual',0,0
1165901848357687297,2019-08-26 08:20:36,"b'-dengan produk utamanya adalah obat \xe2\x80\x93 obatan, vitamin, dan vaksin untuk ternak. Kunjungan ini dalam rangka penjajakan kerjasama penyaluran lulusan dan juga program lainnya seperti kerjasama penyelenggaraan seminar atau stadium generale, campus hiring, dan pelaksanaan bootcamp.'",,,,b'Bandung',b'Tel-U Career',b'TelUCareer',1,0
1165901397981720577,2019-08-26 08:18:49,b'Sedikit buat nambah wawasan saja....\nMdh2an ada manfaatnya... https://t.co/H8YiKGV6F0',,,,b'Parijs van Java - Indonesi\xc3\xab',b'Ek\xc9\x99 R\xc9\x99hm\xc9\x99dhy',b'AbahEka',0,0
1165896213268271104,2019-08-26 07:58:13,b'Berilah cinta tanpa meminta balasan dan kita akan menemui cinta yang jauh lebih indah #imunisasi MeryRiana',,,,"b'Tanah Abang, DKI Jakarta'",b'aimma',b'kiutbebi',0,0
1165894325684715520,2019-08-26 07:50:43,b'Itu mas nya dulu udah imunisasi campak belum e? Kok dicampakkan terus',,,,"b'Sleman, Yogyakarta'",b'awangism',b'rebolegilagi',0,0
1165893821093175297,2019-08-26 07:48:42,"b'@belindch Lha yo pantes anaknya kena scabies dan rawan penyakit lain\nEmaknya aja kurang nutrisi, ASI mana ada isinya.\nPalagi ga imunisasi\nKomplit sudag'",,,,b'dihatimu suatu saat nanti',b'N\xc3\xa9n\xc3\xa9g',b'bihunrebusena',0,1
1165892876934369280,2019-08-26 07:44:57,b'Imunisasi https://t.co/my7M5SBUX0',,,,b'',b'Fiirrr\xe2\x98\xbb',b'puberty_f',1,4
1165890613004374017,2019-08-26 07:35:57,"b'KOPEL : Rp 1,3 M Habis untuk Pin Emas DPRD DKI Jakarta, untuk Imunisasi Anak Hanya Rp 38\xc2\xa0Juta https://t.co/3ASwVvA5nw https://t.co/jcVbHJ9gOi'",,,,b'Jakarta Capital Region',b'TribunAsia.com',b'TribunAsiaCom',0,0
1165888594722115585,2019-08-26 07:27:56,"b'PURWOREJO, https://t.co/vaZLwCTAxI - Dinkes Kabupaten Purworejo, Jawa Tengah akan menggelar kegiatan Bulan Imunisasi Anak Sekolah (BIAS) cacar untuk mengantisipasi berbagai penyakit menular di kalangan anak-anak.  #beritapurworejo #bulanimunisasi https://t.co/ycvlfQrdti https://t.co/AbrMNOqLm0'",,,,"b'purworejo, jawa tengah'",b'24 jam Purworejo',b'purworejo24',0,0
1165887230918844416,2019-08-26 07:22:31,b'Apakah Vaksin TORCH Dianjurkan Untuk Anak-Anak? \n\n#Labsatu #vaksin #Laboratotium \nhttps://t.co/JmnUhxFqp3',,,,b'DKI Jakarta',b'LabSatu.com',b'LabSatu',0,0
1165887072067960832,2019-08-26 07:21:53,b'@findkorin @selenamira_ Aku anak sehat!!\nTubuhku kuat\nKarena ibuku\nRajin dan cermat\n\nSemasa aku bayi\nSelalu di beri asi\nMakanan bergizi\nDan imunisasi\n\nBerat badanku ditimbang selalu\nPos Yandu menunggu setiap waktu\n\nBila aku diare\nIbu selalu waspada\nPertolongan oralit\nSelalu siap sedia',,,,b'',b'sun',b'seeniass',0,0
1165886097575989248,2019-08-26 07:18:01,"b'Mun giya ajar la drkpun ank rah rmh..xplu anta ke sklh. Pelik2 manusia nektok..anti vaksin,anti-khat,anti agama laa..lps tok anti apa gk ka? \xf0\x9f\x99\x84 https://t.co/7tlxhlOeO3'",,,,b'',b'\xf0\x9f\x8c\xb4\xf0\x9f\x90\xa5',b'dchanden',0,0
1165884751540105217,2019-08-26 07:12:40,"b'Apa bedanya #vaksin dengan #vaksinasi? Kalau #imunisasi dan vaksinasi sama aja ya.\n\nAnak-anaknya yang di SD udah pada imunisasi kan? Apalagi yang bayi dan balita, jangan sampai ada yang terlewat ya. https://t.co/ekllueKQHP'",,,,"b'Jakarta, Indonesia'",b'Dokter Apin',b'dokterapin',9,9
1165878422251307008,2019-08-26 06:47:31,"b'Dia yang lari-larian, main-main.... Aku yang nahan nangis. Duh dek... Sehat terus nggih.... Minggu depan kita vaksin ya... Semoga gak ada halangan. https://t.co/Rmnx4EqobG'",,,,"b'Yogyakarta, Indonesia'",b'eggiedian',b'penyuijo',1,5
1165873298552393728,2019-08-26 06:27:09,b'@maszlee Lengkapkan dengan vaksin dulu.',,,,b'Kuala Lumpur',b'E. Zat',b'DoubleeZat',0,1
1165869568608260097,2019-08-26 06:12:20,b'@arash_xsh entah . tak kena cucuk vaksin kot',,,,"b'Seoul, Republic of Korea'",b'yungDpertuan',b'broacol',0,0
1165869301242314752,2019-08-26 06:11:16,b'Perangai anti-khat dengan anti-vaksin ni serupa je tapi dalam konteks yg berbeza',,,,b'',b'ob',b'sykrhkm_',0,1
1165869161290973184,2019-08-26 06:10:43,"b'@nrnardhi Undang aku plis, bayi kucingku ada 4 blm vaksin'",,,,"b'Jakarta Selatan, DKI Jakarta'",b'indi',b'indiratendi',0,0
1165868563699077121,2019-08-26 06:08:21,b'hhhh kebas tangan gw abis vaksin :(',,,,b'',b'wdz',b'chw00dz',0,0
1165866256693526528,2019-08-26 05:59:11,b'Vaksinasi berguna untuk menjaga kesehatan kucing dan menghindari dari berbagai penyakit.',,,,b'Diataskepalamu^^',b'Info Kucing',b'InfoMeong',0,0
1165866075063345154,2019-08-26 05:58:27,b'@zoelfick Makin parah mabok agamanya. Ada yg resign dr asuransi karena takut dosa riba. Terus ada yg ngotot ga mau vaksin anak krn takut haram. Sampai geleng2 kepala',,,,b'Indonesia',b'apostate.anonymous',b'anonapostate',2,4
1165864794001264640,2019-08-26 05:53:22,b'@Jeffftho @xCliffordationx Pacaran dari bayi waktu imunisasi bareng',,,,"b'\xc3\x9cT: 0.0,0.0'",b'aku adalah',b'imambaharudin',0,0
1165863758587023360,2019-08-26 05:49:15,b'Aku anak kedokteran hewan nanti souvenirnya voucher vaksin dan steril WKWKWKKKKK https://t.co/oQJN1CAnQ1',,,,b'',b'Nwrin',b'nrnardhi',1,2
1165858690500399108,2019-08-26 05:29:07,b'@amrinaRF Tapi vaksin sebelum nikah opo wae sih fik? Dan berapa hargane?',,,,"b'Lampung Tengah, Lampung'",b'Fachmi Andriyanto',b'OpiniFachmi',0,0
1165856836731301888,2019-08-26 05:21:45,"b'lepasni nak kawin kena tanya dulu semua benda. nak hidup macam mana, nak makan masakan sendiri ke beli luar, nak kemas rumah sendiri ke nak kena tolong ke nak sorang je buat, nak vaksin anak ke tak, nak solat jemaah sekali ke tak, nak bangun awal ke tak, nak gaduh ke tak'",,,,b'Malaysia',b':\xe2\x80\xb9',b'mdfitriaiman',0,0
1165855175887577088,2019-08-26 05:15:09,"b'@msaid_didu Kerjaan BPIP seperti kelakuan @mohmahfudmd; duduk, terima gaji ratusan jt/ bulan, membuat label/ stiker Islam Garis Keras, membuat vaksin terpapar radikal, komentar miring/ fitnah terhadap etnis arab dan penerapan Syariah Islam serta agen bagi kepentingan Komunis dan Zionis.'",,,,"b'Pekanbaru, \xf0\x9f\x87\xae\xf0\x9f\x87\xa9 Indonesia'",b'\xe2\x9c\xb4\xe2\x9c\xb4\xe2\x9c\xb4 Sulthan Alfatih \xf0\x9f\x8c\x90 \xd8\xb3\xd9\x84\xd8\xb7\xd8\xa7\xd9\x86 \xd8\xa7\xd9\x84\xd9\x81\xd8\xa7\xd8\xaa\xd8\xad',b'assultanalfatih',1,4
1165855065489326080,2019-08-26 05:14:42,b'Anaknya NH. Dini dulu vaksin di sini trus terinspirasi #cosplay90an https://t.co/IcjiyxkLXN',,,,b'Indonesia',b'organic waste',b'aldechan',3,0
1165854468258164736,2019-08-26 05:12:20,b'@happytr4sh Ya Allah kamu kenapaa vaa? Semalem pgn di imunisasi:(( skrg mimpi jadi sepatu futsal:((',,,,"b'Karawang, Jawa Barat'",b'Fitri Amalia',b'Fiitriaaaa',0,0
1165854348762443777,2019-08-26 05:11:51,"b'Kalo masih di rumah ortu gw pinjem kaos Pekan Imunisasi Nasional bergambar anak reggae sambil nyanyi ""Bebas Polio~~ \xf0\x9f\x8e\xb6"" #cosplay90an https://t.co/qCipvfkYFX'",,,,b'Indonesia',b'organic waste',b'aldechan',2,3
1165851788399931392,2019-08-26 05:01:41,b'Tau gitu kmrn satu hari sblm tanggalnya gue bawa vaksin aja dlu ldnekjdossbksksn sebel bgt deh',,,,b'chls \xe2\x99\xa1\xec\xbf\xb1\xec\x8a\x88\xe2\x99\xa1 ',b'jel\xf0\x9f\x8c\xbb {sh}',b'shuatokki',0,0
1165851689405956097,2019-08-26 05:01:17,b'Wkwkwk akhirnya vaksin lg 1 bulan setelah tanggal yg ditemtukan \xf0\x9f\x98\x80\xf0\x9f\x98\x80\xf0\x9f\x98\x80',,,,b'chls \xe2\x99\xa1\xec\xbf\xb1\xec\x8a\x88\xe2\x99\xa1 ',b'jel\xf0\x9f\x8c\xbb {sh}',b'shuatokki',0,0
1165847320467914752,2019-08-26 04:43:56,b'@amrinaRF Vaksin sebelum nikah?',,,,"b'Lampung Tengah, Lampung'",b'Fachmi Andriyanto',b'OpiniFachmi',0,0
1165846719705178113,2019-08-26 04:41:33,b'Kina sapi apa udah vaksin blom?',,,,b'Jakarta Capital Region',b'Jafar Zafril',b'jafarzafril',0,0
1165845990147911681,2019-08-26 04:38:39,"b'Punya temen model gini, pen tak anterin ke rsj biar di imunisasi dulu \xf0\x9f\x98\xa9 https://t.co/GRVd7P8xiG'",,,,b'South Sumatra ',b'kurang secanting',b'indahnesea',0,1
1165844175440400384,2019-08-26 04:31:26,b'@askmenfess Mas kayaknya waktu balita kamu salah vaksin imunisasi deh. DNA gublu-mu aktif semua soalnya.',,,,b'',b'aul',b'dunnyverse',0,0
1165841787883122688,2019-08-26 04:21:57,b'@DenisJonathan07 @A_MutheJKT48 Imu?? Imunisasi',,,,b'Depok',b'OPUNG REY',b'ReinkaJP',0,0
1165836541022724096,2019-08-26 04:01:06,b'Coba kasih vaksin biar ga baper jie https://t.co/WcVypMUfeo',,,,b'ENG/IND',b'\xe7\x8e\x8b\xe7\x9a\x93\xe8\xbd\xa9 \xe2\x80\x94 JFB',b'haoxuan_95',0,0
1165835600957562880,2019-08-26 03:57:22,b'@dyahErina gemes ya sis pengen nampol wkwk sebagai penerima vaksin lengkap akoh tersinggung di bilang najis \xf0\x9f\x98\x82',,,,b'Indonesia - South Korea',b'LILY',b'leeleehae',0,0
1165833770311700480,2019-08-26 03:50:05,"b'Kegiatan BIAS (Bulan Imunisasi Anak Sekolah) Campak di SD Negeri 022 Cicadas, Senin (26/08/2019).\n#uptpkmpadasuka \n#siapmelayanidenganhati https://t.co/nekF9emGSX'",,,,"b'Kota Bandung, Jawa Barat'",b'UPT Puskesmas Padasuka',b'uptpkmpadasuka',0,0
1165833664732659712,2019-08-26 03:49:40,b'Balik dines malem langsung ke dinas eh taunya yng di cari lagi ngambil vaksin di suruh nunggu. Ngantoeks gelaaaaa',,,,"b'\xc3\x9cT: -6.824692,107.5499404'",b'Andriyani \xe2\x98\xae',b'ririnandryni',0,0
1165831901145227264,2019-08-26 03:42:39,"b""Semoga dapet under 500k :'). Pas di Malang udah mahal masak di kudus mau mahal lagi \xf0\x9f\x98\xad. Kan uangnya mau ditabung buat acls sama vaksin huhuhu""",,,,b'Malang-Rembang',b'Amrina Rosyada F',b'amrinaRF',0,1
1165831611776061441,2019-08-26 03:41:31,"b'@indiratendi Kenapa souvenirnya gak vaksin aja coba. Kan bagus, selain pro program pemerintah, juga awet dibawa sampe mati vaksinnya.'",,,,b'Sekitarmu',b'MenjelmaMU',b'MenjelmaMu',0,0
1165829646421651462,2019-08-26 03:33:42,b'Diskusi masalah vaksin terus ini si ibu-ibu nyolot bawa-bawa agama dan bilang anaknya nanti najis kalo di vaksin. Hedeh \xf0\x9f\x98\x9e',,,,b'Indonesia - South Korea',b'LILY',b'leeleehae',0,0
1165829525193641985,2019-08-26 03:33:13,"b'@w_runturambi @PerwitasariAna @BamsBulaksumur Sesehat apakah om ? Sudah Imunisasi apa aja ni ? DPT, POLIO, HIB, CAMPAK ? soalnya aku masih ragu kalo ada tjebong sehat \xf0\x9f\xa4\xa3\xf0\x9f\x98\x81'",,,,b'',b'arpen',b'arpen3sam',0,1
1165828694440472577,2019-08-26 03:29:55,b'enak banget pagi pagi suntik vaksin https://t.co/wwqpvjghHz',,,,"b'Kota Tangerang, Banten'",b'.\xc6\xa6ikky',b'RKALFH_',0,1
1165828598210523136,2019-08-26 03:29:32,b'@yudhipee kita kecilnya kurang imunisasi kali ya rot -_-',,,,b'',b'Ta',b'hikocheng',0,0
1165828583102636033,2019-08-26 03:29:28,b'@_janhae @RPAutoBase dan imunisasi',,,,b'send me your location',b'\xd8\x98Kenny',b'kentdalls',0,0
1165828425711419394,2019-08-26 03:28:51,b'Mengapa di zaman dahulu orang tidak diberi vaksin tapi daya tahan tubuhnya lebih kebal daripada orang zaman sekarang yang diberi vaksin? Jawaban Adithya Ekananda https://t.co/jNawd0plcz https://t.co/OvV8MqAgg8',,,,b'Indonesia',b'Quora di Indonesia',b'QuoraID',0,4
1165828410062409729,2019-08-26 03:28:47,b'@siwontol Bekas imunisasi sayang itu.',,,,b'\xf0\x9f\x94\x9e | mostly on dm',b'nana',b'jyn_a_nana',0,0
1165827572090863616,2019-08-26 03:25:27,"b'Dulu kalo lagi gabut di klinik, paling suka ngisi dengan ngerekap. Rekap kunjungan, rekap treatment, sama rekap obat. Suka ngebacain rekap medisnya x)\n\nTerus passportnya gue liatin satu-satu.\nAnjing juga punya passport \xf0\x9f\xa4\xa3\nSekalian cek vaksin. Ada riwayat vaksin di passportnya \xf0\x9f\xa4\xa3'",,,,b'+62 dki x diy',b'tek.',b'omnivxre',0,0
1165827244435968000,2019-08-26 03:24:09,"b'24 mei adek diare (ga boleh d vaksin, ok)\n25 juni adek opname,\n25 juli minta di vaksin campek malah dikasih polio (katanya bulan depan be vaksin campeknya) eh hari ini 26 agustus minta vaksin malah dicengeske... https://t.co/435eUTqR1T'",,,,b'Indonesia',b'Ndestdostdest',b'Ndessttt',0,0
1165826715433570311,2019-08-26 03:22:03,b'@acteunwoo amasaa? setau nya punya noona udh dikasi vaksin biar ga ketularan wkwkwk',,,,b'nondating. LEGGO\xe2\x99\xa1',b'\xf0\x9f\x8d\xaf',b'exdahn',0,0
1165823623862480898,2019-08-26 03:09:46,"b'abis vaksin, terus sakit. entah dokter yang ini kurang oke. mana tibatiba beleber. nggak tau deh itu vaksinnya apa gimana :('",,,,b'',b'anastasya\xf0\x9f\x92\x81',b'annisantyas',0,0
1165821226125877250,2019-08-26 03:00:14,b'Saatnya Abrisam imunisasi \xf0\x9f\x98\x8e\xf0\x9f\x98\x8d\xf0\x9f\x98\x8d\n\n#imunisasibcg \n#abrisam1bulan\n#26aug19\n#seninpagi @ RS.Mitra Keluarga-Poli anak 1st floor https://t.co/7lb7UZVEHv',,"Place(_api=<tweepy.api.API object at 0x000002074C01FD30>, id='bf01cad1aa4e7bed', url='https://api.twitter.com/1.1/geo/id/bf01cad1aa4e7bed.json', place_type='city', name='Bekasi Selatan', full_name='Bekasi Selatan, Indonesia', country_code='ID', country='Indonesia', contained_within=[], bounding_box=BoundingBox(_api=<tweepy.api.API object at 0x000002074C01FD30>, type='Polygon', coordinates=[[[106.956558, -6.26807], [107.019722, -6.26807], [107.019722, -6.203595], [106.956558, -6.203595]]]), attributes={})","{'type': 'Point', 'coordinates': [106.99258567, -6.24115178]}",b'Bekasi',b'Sophia Lolita',b'sophie_pinky',1,1
1165820514914328577,2019-08-26 02:57:25,b'@akuekstrovert vaksin flu kak biar anti flu flu club',,,,b'',b'\xe1\xb4\x8f\xe1\xb4\x8b\xe1\xb4\x8b\xca\x8f \xe1\xb4\x80\xca\x8f\xe1\xb4\x9c',b'okkyayu',0,0
1165820182578597888,2019-08-26 02:56:06,b'imunisasi anak ~ https://t.co/3IawbnQMAO',,,,b'embantul',b'Indah Novita',b'insaari_',0,0
1165817714092343297,2019-08-26 02:46:17,b'Babinsa Desa Sangup Koramil 02/Musuk  Serka Abdul Rosid mendampingi petugas Pukesmas Taman Sari dalam kegiatan Bulan Imunisasi Anak Sekolah ( BIAS campak ) di SDN 01 Sangup dan SDN 03 Sangup Kec. Musuk https://t.co/cCp2K1qZKf',,,,b'',b'Kodim Boyolali',b'kodim0724byl',0,1
1165817676377124865,2019-08-26 02:46:08,b'@scdowina jangan minta bapak.\nbapak lagi mau imunisasi vale',,,,"b'Turi, Yogyakarta'",b'armun____',b'rakathoanASLI',0,0
1165816927828271104,2019-08-26 02:43:10,"b'gmau di suntik.. Maunya di imunisasi aja katanya,  efek jagal bocah di dupak sikil,'",,,,b'Purwokerto',b'Abdul Hadi supono',b'dulhad',0,0
1165813614499905537,2019-08-26 02:30:00,b'Hari ni kena vaksin + ambik darah 2 kali dua2 belah tgn lebam. 30 minutes lagi nak habis. Dari td dah berpusing kepala. Kena dgn klinik yg sesak. Ambik angin kat luar sat before apa2 \xf0\x9f\x98\x82\xf0\x9f\x98\x82\xf0\x9f\x98\x82\xf0\x9f\x98\x82\xf0\x9f\x98\x82',,,,b'',b'NadiaAimi',b'aimiiiyussof',0,0
1165813211473408000,2019-08-26 02:28:24,"b'Apakah aku akan asing dengan dunia per erpe an yg semakin tida jelas ini? \n\nItulah pentingnya imunisasi sejak dini buibu, biar yg pengetikan diolah terlebih dahulu oleh organ terpenting yg terletak di dalam tengkorak. https://t.co/nJ4HjWpeyx'",,,,b'#DORMITORY-east',b'Yeh Shuhua',b'DMSHUHUA00',0,0
1165802463540080640,2019-08-26 01:45:41,"b'Kasus gue kapan selesainya, gaada kemajuan, kasus di cari cari mulu heran.. :( sampe ibu hamilnya udah brojol+masa nifas udah selesai, anak udah di imunisasi DPT 3-polio 4 juga belum gue ketik :('",,,,b'',b'rizki adinda mirelia',b'rdindamp',0,0
1165797773154779136,2019-08-26 01:27:03,"b'#NowLive! Hallo Puskesmas Bersama Fera Utami, SKM  dr @pkm_manyaran Manyaran Semarang Tema Imunisasi | \xe2\x98\x86\xe2\x98\x86\xe2\x98\x86\xe2\x98\x86\xe2\x98\x86 \xf0\x9f\x8c\x8f\xf0\x9f\x94\x8a https://t.co/Qc4gPYeiGt \xf0\x9f\x93\xb2\xf0\x9f\x94\x8a elshinta mobile Apk. \xf0\x9f\x91\x89 https://t.co/sHTA28jITQ \xe2\x9e\xa1\xe2\x9e\xa1\xe2\x9e\xa1| #StayFit #StayFitForLife #Semarang @dkksemarang @hendrarprihadi @KemenkesRI https://t.co/i6dszpvNNQ'",,,,"b'Semarang, Jawa Tengah'",b'IG : @FitRadioSemarang',b'FitRadioSmarang',1,0
1165797248849997824,2019-08-26 01:24:58,"b'Anti vaksin , anti khat. Lpas ni anti ape pulaa.. anti manusia ? Makin lama makin weird2 laa rakyat msia https://t.co/jLHOxSr6pa'",,,,b'Kuala Lumpur Federal Territory',b'Ben_Zack \xf0\x9f\xa7\xb8',b'darkvaderxx407',0,1
1165797106478546944,2019-08-26 01:24:24,"b'Patutnya kerajaan kena letak syarat bersekolah wajib ada vaksin. Pihak sekolah ada hak bagi vaksin kepada pelajarnya, sebagai contoh \xf0\x9f\x98\x8c\xf0\x9f\x98\x82\n\n""Adakan dialog atau kami berhenti hantar anak ke sekolah, kata kumpulan anti-vaksin.""\n\nLepas tu, masa ni la nak hentam dorang\xf0\x9f\x98\x82\xf0\x9f\x98\x82 https://t.co/gH0kOoJMFC'",,,,b'melaka enyep',b'\xd8\xa8\xd9\x88\xd9\x85 \xd9\x82\xd8\xa7\xd9\x82\xd8\xa7\xd9\x82\xd9\x88\xda\xa0 \xd8\xaa\xd8\xa7\xd8\xaf\xd8\xa7\xd8\xaf\xd9\x88\xda\xa0',b'hsnhissit',0,1
1165793255771914240,2019-08-26 01:09:06,b'pingin di imunisasi aj jdn',,,,b'',b'aku females',b'zynfzrx',0,0
1165793162834497536,2019-08-26 01:08:44,"b'Morning, pernah ga seh terpikir kenapa anak sering sekali sekali terkena flu? Baru sembuh dari flu eh tuh flu datang lagi ... Duh duh ... \xf0\x9f\x98\x87 Mau tau kenapa ? Dan solusinya apa ? Yuk simak ulasannya di  https://t.co/wxWOjACAr9'",,,,"b'DKI Jakarta, Indonesia'",b'hidayati',b'Hiday17Hidayati',0,0
1165787591486201856,2019-08-26 00:46:35,b'Babinsa Desa Kragilan Koramil 03/Mojosongo Serma Sugianto melaksanakan pendampingan imunisasi bias penjaringan kesehatan di SD 2 Dukuh Gudang Desa Kragilan\xe2\x80\xa6 https://t.co/I0pCihHdVR',,,,b'Surakarta Jawa Tengah',b'korem solo',b'KoremSolo',0,0
1165786779632328704,2019-08-26 00:43:22,b'Pendaftaran Vaksinasi Internasional (Vaksinasi Meningitis Meningkokus) https://t.co/f4BPb9fT79 via @YouTube',,,,b'',b'KKP Kelas II Banjarmasin',b'kkpbanjarmasin',0,0
1165781670290571265,2019-08-26 00:23:04,b'@lstriable Imunisasi di susui \xf0\x9f\xa4\xa4',,,,b'',b'Badluck',b'DimasVamp',0,0
1165778673036718080,2019-08-26 00:11:09,b'@msianinsight berhentilah hantar anak ke sekolah!! belajar dari anti-vaksin',,,,b'',b'Imad',b'iamimad515',0,0
1165776676657086464,2019-08-26 00:03:13,"b'@SyedSaddiq Yb, mana la dorang faham bodoh sombong tu apa. Ni la sejenis manusia yang lebih sudu dari kuah YB. Tp, sy rasa YB kne explain kat mereka ni macam ajar abc. U kena letak, diri u kat 1 situasi with nothing knowledge but at same time pelbagai situasi berlaku. Mcm kes anti vaksin la.'",,,,b'',b'pixma',b'pixma4',0,0
